text,in_reply,quoted_text,is_sarcastic
@Robertaandradee @ulissesjlucas Aleluia!!! Dinheiro para ser distribuÃ­do aos pobres!!! #sqn ğŸ™„ğŸ˜”ğŸ˜³,"SÃ©rio? Igreja Universal

Aleluia papai ğŸ˜‚ğŸ™ https://t.co/jt5esKPY6w",,1
"@belemtransito NÃ£o acredito no que estou vendo. ImpossÃ­vel, visto que a @SeMOB_Bel afirma que faz fiscalizaÃ§Ã£o intensiva nas garagens. #sqn.","CondiÃ§Ã£o do pneu do Ã´nibus da Nova Marambaia. Estava circulando normalmente hoje de manhÃ£, na avenida JosÃ© Malcher com GeneralÃ­ssimo Deodoro, local do vÃ­deo. Algum expert em pneus poderia nos dizer se isso Ã© normal? https://t.co/K4x6RTOGye",,1
"@SenaKarol_ Sempre com as melhores pessoas ğŸ˜•

#sqn",@euwalberbispo acontece nÃ© kakakajjajsjsjjs,,1
"Cena de filme que retrata a realidade.
Na cabecinha e pow, para nÃ£o ter erro. Para a esquerda, o policial deve jogar livros e rosas... 
#SQN https://t.co/lKiCLztJBG",,,1
"O IntercePT conseguiu o impossÃ­vel no Brasil, fazer o povo aplaudir um ministro da Suprema Corte.ğŸ˜… OperaÃ§Ã£o Joesley 2.0 versÃ£o 2019 voando e dando super certo.ğŸ‘Œ #SQN https://t.co/IPB1083b9T",,Luiz Fux foi aplaudido por passageiros no voo que pegou hoje de manhÃ£ de BrasÃ­lia para o Rio. https://t.co/qlFZzvDedX,1
Ã‰der com claros problemas de domÃ­nio de bola aos 62. #sqn https://t.co/e3HBXhWr8H,,,1
"@reinaldoazevedo @RaulSilvestre @radiobandnewsfm O Moro Ã© tÃ£o maquiavÃ©lico, que montou uma mega operaÃ§Ã£o com mais de 60 fases, com desdobramentos em 17 paÃ­ses de trÃªs continentes, recuperou mais de 13 bi, sÃ³ pra prender o Lula. #sqn #liporai","A nota de resposta da Lava Jato nÃ£o explica nada e ainda contesta o que nÃ£o afirmei. A diversÃ£o e a informaÃ§Ã£o continuam neste fim de tarde nâ€™O Ã‰ da Coisa, na @radiobandnewsfm, a partir das 18h",,1
@LynaBrasil ğŸ¤£ğŸ¤£ğŸ¤£ğŸ¤£ğŸ¤£ Como sÃ£o amados pelo povo! #sqn,A campanha estÃ¡ a todo Vaporâ€FaÃ§a um polÃ­tico corrupto passar vergonhaâ€ https://t.co/3GphfV97za,,1
@jailson_jdr @parmeramilgrau E vc Ã© o famoso quem????! Vai lÃ¡ assistir a seleÃ§Ã£o do Tite! Ali vc vai encontrar um espetÃ¡culo de futebol âš½ï¸ #sqn,"@parmeramilgrau Sempre acompanho o futebol do Palmeiras, nÃ£o vejo nada de mais no futebol jogado pelo Palmeiras, nada de ""nossa meu Deus que futebol lindo"", o que tem acontecido Ã© bastante sorte.",,1
@demori @reinaldoazevedo Depois dessa o Molusco Nine Fingers deixou de ser bandido... #sqn,"Moro mentiu ao senado, Deltan e MPF ""desmentem"" em uma nota algo que nem nÃ³s e nem â¦@reinaldoazevedoâ© afirmamos, o Jornal Nacional compra uma narrativa escondendo o principal. TÃ¡ explicadinho aqui. NÃ£o adianta se esconderem, nÃ³s temos os fatos. https://t.co/tZTxdrCRmS",,1
Mais um dia acordando no chÃ£o. Obrigado @CasasBahia e seu excelentÃ­ssimo serviÃ§o #SQN,,,1
A penalidade para a Ferrari do Vettel foi culpada pelo desempenho dele nesse qualifing. #F1noSporTV #SQN,,,1
@Haddad_Fernando Melhor prefeito de SP. #SQN,Por que mandar apagar uma mensagem que nÃ£o tem nada de mais?,,1
"Aquela dor de cabeÃ§a ""gostosa"" de ressaca. #sqn",,,1
@JosuLim03645816 ParabÃ©ns. Seu Deus Ã© puro amor! #SQN,Esse foi um dos motivos por eu ter votado  no BOLSONARO ğŸ‘‰ğŸ‘‰ğŸ‘‰ğŸ‡§ğŸ‡·ğŸ‡§ğŸ‡·ğŸ‡§ğŸ‡· #ArmasPelaVida https://t.co/khYiNvZpgi,,1
"@JovemPanNews @andreazzaeditor #sqn, quando vc era apenas editor de livros era &gt;.",#3em1 | @andreazzaeditor: Piti de general Heleno Ã© obra autoritÃ¡ria https://t.co/4F3NZTjrsZ,,1
"@Cf27Magno @Paysandu Ã‰gua! TÃ¡ lotado! #sqn
ğŸ˜‚ğŸ˜‚","Treinamento do @Paysandu sendo realizado neste momento no estÃ¡dio da Curuzu, com acesso liberado para o torcedor nas arquibancadas. https://t.co/MtWDVs3WUO",,1
@AidaGomesDasil2 Carinha de anjo ğŸ˜‡ #sqn,#NovaFotoDoPerfil https://t.co/3Zk2m96iEr,,1
Super normal essa relaÃ§Ã£o de conluio entre juÃ­zes e promotores... #sqn ...vide respostas abaixo ğŸ‘‡ https://t.co/M8Hs6GKoEl,,Sou advogada hÃ¡ 10 anos e desafio meus colegas advogados a comprovarem se alguma vez na vida um juiz lhe forneceu o nÃºmero do  seu telefone para trocar msg e juntos  traÃ§arem estrategias de defesa para o seu cliente!,1
"SabadÃ£o, solzÃ£o, cervejÃ£o ğŸ˜… #Sqn https://t.co/GRvwHCwlEL",,,1
Melhor companheiro de viagem â¤ï¸ #SQN https://t.co/Et3VT8f16g,,,1
"@meudeusmatheus Ã‰ pra rir ou chorar desse povo??? 
#seletivo
#humor""crÃ­tico""
#sqn","EU TO MORRENDO COM ESSA PARTICIPAÃ‡ÃƒO DO SÃ‰RGIO MORO NO GREG NEWS
AAAAAAAAAAAAAA https://t.co/yDheXK97hU",,1
"ğŸ¤¦ğŸ»â€â™‚ï¸
Ele doou incrÃ­veis R$ 48.500,00, somando todas as campanhas ... Dizem atÃ© que isso foi decisivo para a eleiÃ§Ã£o dele ...#SQN https://t.co/uUoRh6iNJ4",,,1
"Planejar dormir atÃ© mais tarde, acorda as 8h com uma tosse maldita, claro inverno Ã© a melhor estaÃ§Ã£o #SQN #ODEIOINVERNO",,,1
"@rafinhabastos ComparaÃ§Ã£o muito parecida, nÃ£o Ã©? #SQN",Minha namorada descobriu uma sÃ©rie de mensagens erÃ³ticas e nudes que troquei com outras mulheres. Felizmente consegui provar de que o vazamento foi ilegal. Continuamos juntos. â¤ï¸,,1
"@SousaElias40 @AnikaVix @davialcolumbre @SenadorKajuru tambÃ©m deve ser agradecido, assim como @renancalheiros @RodrigoCunhaAL e vÃ¡rios outros q vivem no mundo maravilhoso do mundo sem armas #SQN","Obrigado senhor Senador @davialcolumbre , nÃ³s brasileiros de bem estamos muito"" felizes "" com a decisÃ£o do senado federal . https://t.co/iotkGNofYn",,1
"@BlogOlhoNaMira @nortonlimajr @ggreenwald ğŸ™„ AÃ­ Norton... essa sua durabilidade me deixa tÃ£o confiante no Moro, #SQN,
Eu nÃ£o sou daqueles que sÃ³ enxergam aquilo que querem enxergar.
E sem contar que jÃ¡ nÃ£o sou mais inocente para acreditar em SassÃ¡ Mutemas",@nortonlimajr @Ricazinha @ggreenwald Se for ilÃ­cita pode nÃ£o ser real,,1
"Bom pras organizadas da @jacicaveari e @MCaveari 
#sqn https://t.co/Q5cBIvHCAr",,"QUERO

TUDO

QUERO https://t.co/JvT3UDY6V6",1
"@ConversaAfiada O importante Ã© que:

- a mamata acabou;
- o preÃ§o das passagens aÃ©reas caiu bastante;
- ficou baratinho levar sua mala de roupas no aviÃ£o;
- mais pessoas estÃ£o podendo voar;
- desemprego diminuiu depois da reforma trabalhista;
- a corrupÃ§Ã£o desapareceu; e
- a economia tÃ¡ 10! #sqn",https://t.co/74ERIGHezI,,1
"@SF_Moro Ã© criminoso, #RenanCanalha Ã© honesto e @LulaOficial Ã© ingÃªnuo e inocente #SQN #ALeiNoPaÃ­sdasMaravilhas https://t.co/U0QWD2eYl0",,Renan diz que 'Intercept comprova que Moro Ã© Fora da Lei' https://t.co/OzntfTC4FB,1
"Melhor efeito ğŸ¤© #HP #HarryPotter #Grifyndor #NoFilter #Saturday #BeautifulDay #Winter #SQN ğŸ¥µâ˜€ï¸â¤ï¸ğŸ¦âš¡ï¸ em Indaiatuba, Brazil https://t.co/EqO276q74n",,,1
"usted puede convertirse en un gay sÃ³lo porque otros han decidido asumir. Va a ser gay porque ve esas fotos. Tenga mucho cuidado.

Queremos que os homossexuais continuem fingindo e q tenham casamentos hÃ©tero porq, senÃ£o, vamos todos virar gays sÃ³ por vÃª-los.
Feche seus olhos.
#sqn https://t.co/coMxVFdkLl",,Nos vamos a la mierda #FelizSÃ¡bado https://t.co/JZSKEE0kub,1
"Ã‰ o que se vÃª mais naquela publicaÃ§Ã£o. ""adeptos do varandas"". #sqn https://t.co/qjWQgKR5Vu",,"NÃ£o Ã© verdade. 
Adeptos do Sporting, Adeptos do Bruno e Adeptos do Varandas
Podes trocar os nomes por direcÃ§Ãµes, se quiseres. https://t.co/PFEGDnJB4R",1
"@CarlaZambelli17 O PavÃ£o novaiorquino um jornalista isento #sqn
Rir pra nÃ£o chorar ğŸ¤£ğŸ¤£ğŸ¤£","A ""Entrevista"" curiosa e reveladora, foi realizada de dentro da prisÃ£o da sede da PolÃ­cia Federal em Curitiba hÃ¡ exatamente um mÃªs! Reparem bem na fala final do ""jornalista"". Curioso, nÃ£o?

#MoroMaosLimpas
#OPavaoTemRazao https://t.co/w3uvE9SCTD",,1
"@prefsp EstÃ¡ sobrando dinheiro e tempo na prefeitura de SÃ£o Paulo. 
Pelo visto o @brunocovas solucionou todos os problemas do trÃ¢nsito de Sampa. #sqn 
Mas continue nessa linha, tÃ¡ cada dia mais fÃ¡cil banir vc da vida polÃ­tica. Vc Ã© uma versÃ£o nova do @Haddad_Fernando?","Na Semana do Orgulho LGBT, semÃ¡foros da Paulista celebram a diversidade https://t.co/WrXfv49i2f https://t.co/vhasjILIUq",,1
"Era um vez PoÃ§os de Caldas - MG
Once upon a time in PoÃ§os de Caldas - MG

Nem parecia que a montanha era tÃ£o alta #sqn ğŸ˜‚

It did not seem that the mountain was so high. #saidnooneever ğŸ˜‚

#poÃ§osdecaldas #mgâ€¦ https://t.co/Un5XHfypUd",,,1
"@leilaoxx Ã‰ porque a ""alegria"" de Nicole Ã© muito autÃªntica e natural... dÃ¡ pra perceber! kkkkk #SQN","ImpressÃ£o minha ou o lado ğŸ…±ï¸osta tÃ¡ querendo mostrar que eles tb zoam e sÃ£o felizes e o Lado ğŸ…°ï¸ tem energia pesada? tÃ£o cantando,danÃ§ando e pÃ¡,o engraÃ§ado Ã© que quando o Lado ğŸ…°ï¸ faz isso sÃ£o irritantes,desagradÃ¡veis e etc,quanto VT em Nicole. #PowerCoupleBrasil",,1
"EntÃ£o nÃ£o foi a corrupÃ§Ã£o endÃªmica que hÃ¡ dÃ©cadas vem matando o paÃ­s. O problema foi descobrir o mecanismo e punir os bandidos. 
ParabÃ©ns pela lucidez dona da Band! VocÃª Ã© genial! #sqn https://t.co/S9arfWAvQT",,"Dono da Band diz que Lava Jato destruiu a economia do Brasil. 

Dono da Band tambÃ©m dÃ¡ emprego a Monica Bergamo e Reinaldo Azevedo. 

Se o Dono da Band entendesse de economia, nÃ£o desperdiÃ§aria dinheiro com esses dois manÃ©s.",1
"@LovattiBruno @JovemPanNews @andreazzaeditor @veramagalhaes @alex_borges Gosto deles, Ã© o momento mÃ¡gico do meu dia! Durante 1 hora o meu paÃ­s tem um parlamento de educaÃ§Ã£o  britÃ¢nica, com polÃ­ticos de honestiade suÃ©ca e um pr da camara que nÃ£o levanta nenhuma suspeita #sqn","Melhor equipe de analistas polÃ­ticos do Brasil. Melhor prograna de rÃ¡dio no paÃ­s. A @JovemPanNews poderia aumentar a duraÃ§Ã£o do #3em1, pois fica muito corrido tudo em apenas uma hora, com intervalos no meio. ParabÃ©ns @andreazzaeditor, @veramagalhaes e @alex_borges! ğŸ’¡ https://t.co/E2ursinPJ8",,1
"Ah, esse capitalismo. Como Ã© bom, nÃ©? #sqn https://t.co/DnD3GLzRU0",,Gol vai elevar preÃ§os de passagens e reajustar milhas por baixa ocupaÃ§Ã£o em voos â†’ https://t.co/GnauXQ5bRI https://t.co/zI1I3Wkf2d,1
"@GabyORod haushaudhaushaus o nÃºcleo social do grupo #sqn
Hj em dia se consigo arrastar 3 Ã© milagre",@SrAlanielson Hummmm popular,,1
"Aquela foto sem filtro #sqn 

#instagram #instapic #instagram #photography #photooftheday #germany #self #brazilian #clic https://t.co/TVmolPcyoU",,,1
@senadorhumberto Valeu a tentativa. #sqn https://t.co/c8oXwUBzt8,"Para juristas, o conteÃºdo das conversas vazadas entre o ministro da JustiÃ§a, SÃ©rgio Moro, e o procurador da Lava Jato Deltan Dallagnol ferem o princÃ­pio da imparcialidade https://t.co/WvQOn8d5ki",,1
"FeriadÃ£o, assistir filme, ir para festas, dormir atÃ© tarde, dormir de novo... #SQN
Cuidando de 2... rsrs",,,1
Odeio acordar cedo mais hj foi por um motivo bom fazer um cafezinho e dois misto pra ele ir trabalhar me senti casado agora kkkkkk #sqn,,,1
"E tÃ£o bom receber um nÃ£o logo de manhÃ£, me sinto atÃ© revigorado #sqn",,,1
Igualzinho em Recife.... #sqn https://t.co/Ti0hdgsCbS,,ManifestaÃ§Ã£o com mais de 2 milhÃµes de pessoas em Hong Kong. Eis que uma ambulÃ¢ncia precisa atravesar a aglomeraÃ§Ã£o e... https://t.co/4PT1UFIo5U,1
"Me ajuda pelo menos uma vez a acreditar em vocÃªs, curitiboys! #SQN https://t.co/1JhAs4hEea",,,1
@folha SÃ³ matando o calendÃ¡rio escolar. Mais um dia de aula nÃ£o reposto e o aluno que se f**da depois. Belos professores.#sqn,Professores das redes pÃºblica e privada vÃ£o parar contra reforma da PrevidÃªncia nesta sexta https://t.co/0BFs6UlsBu,,1
"@Gislaineg4 @andresadede ğŸ¤£ğŸ¤£ğŸ¤£ğŸ¤£ğŸ¤£ğŸ¤£ğŸ¤£ 
Seooooor medo delas...
As bolsominions sÃ£o perigosas #sqn sÃ£o patÃ©ticas mesmo!",@jutvijenko @andresadede https://t.co/SU2NIEGm7p,,1
@PaulaOcanha1 @jeanwyllys_real @monicabergamo Bem patriota heim??? #SQN,@jeanwyllys_real @monicabergamo SÃ³ leio:..mi mi mi mi #InMoroWeTrust,,1
"@BravoWellen @j_laion @bernardopkuster Ganhou prÃªmio fazendo este mesmo tipo de reportagem e depois disso estÃ¡ proibido de por os pÃ©s no Reino Unido ! Todo os paÃ­ses que fazem parte. 
Ã‰ muito gente boa #SQN",@j_laion @bernardopkuster Grande bosta!,,1
@JornalOGlobo Carioca vota MUITO bem #sqn,Alerj aprova lei que obriga que usuÃ¡rios de patinetes elÃ©tricos realizem prova no Detran: https://t.co/j0Y98yecDu,,1
@PauloTohme Tadinho!!! #sqn,mais um CPF cancelado. https://t.co/KaD0RV6Shk,,1
O Senhor estÃ¡ muito impopular Presidente... #SQN @jairbolsonaro @CarlosBolsonaro https://t.co/wE49KADsHs,,ğŸ‡§ğŸ‡·ğŸ‘ğŸ‘Chegada em do presidente Bolsonaro em BelÃ©m-PAğŸ‘‡ https://t.co/yX56IfKszG,1
"NÃ£o Ã© possÃ­vel... Mas estamos no Brasil, sim Ã© possÃ­vel

#InMoroWeTrust #sqn https://t.co/QPYPwOdA7U",,,1
"@elisangelaqueli @GuimaraesLiih @BolsonaroSP ""todas as mulheres que eu conheÃ§o tambÃ©m querem""
Seleto grupo de mulheres, hein? #sqn",@GuimaraesLiih @BolsonaroSP Eu quero armas e todas as mulheres q eu conheÃ§o tambÃ©m querem.,,1
Insta cadÃª vc!? Essa semana tÃ¡ Ã³tima..#sqn ğŸ˜‚ğŸ˜‚ğŸ‘ğŸ¾,,,1
@lorenzof5 SerÃ¡ que vai ter prÃ© venda?? TÃ´ ansioso para comprar!! #SQN ğŸ¤£ğŸ¤£ğŸ¤£,ğŸ¤¦ğŸ»â€â™‚ï¸ https://t.co/6n8IRMk19H,,1
Segurando meu buquÃª de dia dos namorados... #sqn https://t.co/vad4SFNsvW,,,1
"@jornalodia Nossa, como essa notÃ­cia Ã© importante para o paÃ­s! #SQN!","Com total apoio da mÃ£e Michelle e da irmÃ£ Paloma, ela fez sua primeira tatuagem.
#ODia 

https://t.co/Nay0kOuplS",,1
"O Augusto @augustosnunes dos Pingos nos Is acusa @ggreenwald de ser responsÃ¡vel pela captaÃ§Ã£o do material e o chama de criminoso. Com exceÃ§Ã£o do ZÃ© Maria, todos da bancada acusam o @TheInterceptBr de ""terroristas"". #MoroOrgulhoDoBrasil #SQN",,,1
"@jornalodia Nossa, que ideia linda, ameace os usuÃ¡rios para que eles tenham educaÃ§Ã£o. Pode atÃ© funcionar... #SQN!","O passageiro que nÃ£o levantar para dar lugar a quem tem preferÃªncia poderÃ¡ ser multado em aproximadamente R$ 50.
#ODia

https://t.co/AF8FDQu0vf",,1
"@senadorhumberto @SF_Moro Seria o maior sonho de td pilantra,o sonho dos vagabundos seria Moro e Bolsonaro presos e Lula livre! #SQN","Resultado do jogo de ontem em BrasÃ­lia: Flamengo 2, CSA 0 e @SF_Moro rebaixado. #VazaJato #VazaMoro #FarsaAJato https://t.co/vAHC1CEUOK",,1
@_rafaelcoimbra Essa Ã© nossa Alerj... Na vanguarda da sociedade... #sqn,"Oi????????????

Alerj aprova lei que obriga que usuÃ¡rios de patinetes elÃ©tricos realizem prova no Detran https://t.co/FyBj3i24ju",,1
@carmelonetombl @marcelvanhattem A verdade dÃ³i! @IvanValente mentiu! Ele quer aposentadoria especial pra ele sim. Tudo isto defendendo os â€œmais pobresâ€ #SQN #NovaPrevidÃªncia #EuApoioaLavaJato,"Quanta cara de pau! O deputado @marcelvanhattem perguntou se Ivan Valente havia aderido ao regime especial de PrevidÃªncia, e quando a gente menos espera, JosÃ© GuimarÃ£es, do dinheiro na cueca, pega o microfone e denuncia a â€œAGRESSÃƒOâ€ de Marcel. UÃ©? Perguntar ofende? NÃ£o sabia.",,1
Ana Paula e Vanessa quase gÃªmeas com esse vestido. #sqn #AQueNaoPodiaAmar049,,,1
"@xicograziano AÃ­ fica fÃ¡cil fazer uma sopa de peixe, quando se tem todos is ingredientes #sqn","AlguÃ©m achou que a proposta de reforma da PrevidÃªncia seria aprovada como chegou ao Congresso?! Jamais funciona assim. Por isso que os governos colocam coisas a mais, exatamente para negociar. Faz parte do processo democrÃ¡tico. Parlamentares existem para isso, temperarem o caldo.",,1
Meu presidente nem Ã© querido #SQN olha sÃ³ @RodrigoMaia @STF_oficial @camaradeputados nada mudou #BOLSONAROPRESIDENTE https://t.co/r06EROBB7S,,Chegada em BelÃ©m/PA. ğŸ‡§ğŸ‡· https://t.co/Y3mpDe3tQu,1
"""JÃ¡, jÃ¡, recupero"" #SQN. VocÃª Ã© burro assim mesmo, ou tÃ¡ de sacanagem? Vai tentar o sucesso repetindo as estratÃ©gias fracassadas? Estude e tome decisÃµes seguras, aprenda a investir em valor e nÃ£o se estresse com cotaÃ§Ã£o.â€¦

ğŸ“¸ https://t.co/fD2kztdLxe via https://t.co/cSp4szkjIM https://t.co/jQynTxLrOq",,,1
Melhor forma de comemorar meu aniversÃ¡rio Ã© montando o banner da apresentaÃ§Ã£o do meu projeto de tcc #sqn https://t.co/H5005DJhTv,,,1
Olha aÃ­ @Rconstantino â€œigualâ€ ao jogo do flamengo ontem. #sqn hahahaha https://t.co/LArjp8Fyze,,Popularidade de Moro cai dez pontos em primeira pesquisa pÃ³s-vazamento https://t.co/jH1k0Dyqpd,1
"Gustavo tÃ£o apaixonado, pensando muito na Ana #sqn #AQueNÃ£oPodiaAmar049",,,1
Um democrata #sqn ğŸ¤¨ https://t.co/DDHSwuCFkd,,Jornalista: Quer entrevista comigo? Prove que leu dez livros meus ou entÃ£o vÃ¡ chupar uma pica.,1
@roxmo Tudo pelos â€œmais pobresâ€ !! #SQN levianas! @gleisi @erikakokay @dasilvabenedita,https://t.co/52eiyvYDAm,,1
JustiÃ§a imparcial? #SQN https://t.co/SdM4kPpcdR,,,1
"@Biakicis @jairbolsonaro Este Ã© @jairbolsonaro o presidente facista, odiado e caindo nas pesquisas. #SQN",@jairbolsonaro chega a BelÃ©m do ParÃ¡. Acompanhe! https://t.co/IMY9QhR6YZ,,1
@CarlaZambelli17 @luan_wendelll Sempre a favor dos â€œmais pobres â€œ #sqn,"Alguns dos deputados que ESTÃƒO NO REGIME de APOSENTADORIA ESPECIAL e, ao mesmo tempo, sÃ£o CONTRA a Nova PrevidÃªncia:

Arlindo Chinaglia (PT)
Benedita da Silva (PT)
Carlos Zarattini (PT)
Ã‰rika Kokay (PT)
Ivan Valente (PSOL)
Jandira (PCdoB)
Paulo Teixeira (PT)
Paulo Pimenta (PT)",,1
Eita. Que governo estÃ¡vel. #sqn https://t.co/Y1FURG8Xh7,,"General Santos Cruz Ã© demitido por Bolsonaro.
https://t.co/b8QdAwskj8",1
O Rio de Janeiro continua lindo... #SQN https://t.co/Wib80P6JcO,,,1
"Os ""defensores"" dos pobres #sqn https://t.co/1jxzMJNxXe",,PT lidera lista de partidos com mais deputados no regime especial de aposentadoria https://t.co/bA8D1qXKNh,1
"@jandira_feghali Pela quantidade de curtidas vai ser um sucesso  #sqn ğŸ’ğŸ’
ğŸ˜‚ğŸ˜‚ğŸ˜‚ğŸ˜‚ğŸ˜‚",#GrevePeloBrasil jÃ¡! https://t.co/DUYkjWlHMX,,1
Muito odiado  kkkkkkkkkkkkkkk  #SQN https://t.co/L95qr2w5SF,,Chegada em BelÃ©m/PA. ğŸ‡§ğŸ‡· https://t.co/Y3mpDe3tQu,1
"@allantercalivre Dificuldade para vender facilidade. Terra dos ""espertos"". #SQN",O RJ sÃ³ elege idiota. https://t.co/HOUVlxWmPB,,1
Quarta que vem tem estreia minha no futebol da barra funda. Ansioso para esbanjar meu talento kkk #sqn,,,1
"@SenadorKajuru Ã‰ mesmo, senador?! O que vc diz dos milhares de fuzis nas mÃ£os de traficantes, muitos deles menores de idade?! Interessante ponto de vista. #sqn","NÃƒO SOU CONTRA ARMAR GENTE PREPARADA E TREINADA, MAS PRA QUALQUER UM SEM NOÃ‡ÃƒO... AÃ Ã‰ O FIM DA PICADA NUM PAÃS SEM A EDUCAÃ‡ÃƒO DEVIDA E COM TANTO Ã“DIO ESPALHADO!!!",,1
@BlogdoNoblat Estamos percebendo isso a partir das conversa divulgadas.... #sqn,"Sem mencionar vazamento, Moro diz que nÃ£o atua para promover 'justiÃ§a vingativa'
Ex-juiz diz que age 'para proteger e melhorar a qualidade de vida das pessoas' https://t.co/ubJmo8La6c https://t.co/IlSFE1xXU2",,1
"Ah, Ã©?? Jura?? Nunca havia me tocado disso... #sqn https://t.co/cInjXVFuML",,,1
Parece que ninguÃ©m gosta dele...#sqn #BolsonaroOrgulhodoBrasil https://t.co/HQgfR8PyBd,,Chegada em BelÃ©m/PA. ğŸ‡§ğŸ‡· https://t.co/Y3mpDe3tQu,1
@jandira_feghali @monicabergamo IsentÃ­ssima!!!! #sqn,"Solidariedade Ã  @monicabergamo pelo machismo e Ã³dio camuflados de ""humor"" durante o programa PÃ¢nico, hoje, na Jovem Pan. MÃ´nica Ã© uma profissional exemplar, que tem sido uma das raras profissionais que, com ISENÃ‡ÃƒO, faz seu trabalho de forma ampla e Ã©tica.",,1
"Ã‰ MUITA REJEIÃ‡ÃƒO. #SQN 
#MoroOrgulhoDoBrasil https://t.co/xQqFSWobQq",,Chegada em BelÃ©m/PA. ğŸ‡§ğŸ‡· https://t.co/Y3mpDe3tQu,1
JustiÃ§a imparcial? #SQN https://t.co/0dkP4jdy6r,,,1
"Postando  meu macarraozin,  bem blogueirinha #sqn #spoleto https://t.co/2hyR15QkaH",,,1
"ComparÃ¡vel com a torcida do Flamengo ovacionando, nÃ©? #SQN seus mortadelos indigestos! https://t.co/3VBFvbYWL0",,"ApÃ³s ter suas relaÃ§Ãµes promiscuas com Dallagnol reveladas, Moro Ã© chamado de corrupto e partidÃ¡rio, no Senado. Vergonha! https://t.co/1JvOYkXzrh",1
"@jairbolsonaro Resumindo: Desculpa, Maria do RosÃ¡rio. #SQN",https://t.co/F3N0ITKj1G,,1
"Momentos que antecederam a apresentaÃ§Ã£o de @hazardeden_10 .
#sqn , #tbt de um dos dias mais felizes da minha vida.
Sala de imprensa do estÃ¡dio Santiago BernabÃ©u. #halamadrid #realmadrid #madridğŸ‡ªğŸ‡¸ #roadtrip #tbtâ¤ï¸ https://t.co/0Hhoi57vvm",,,1
"@senadorhumberto Senador, veja como a popularidade do nosso Presidente estÃ¡ caindo #SQN #MoroOrgulhoDoBrasil https://t.co/rY2xfm9K1v","A forÃ§a-tarefa da Lava Jato tinha um chefe. E nÃ£o era Deltan Dallagnol. Era o juiz Segio Moro, o mesmo que devia julgar os casos com imparcialidade e isenÃ§Ã£o. https://t.co/snxaaSRfcN",Chegada em BelÃ©m/PA. ğŸ‡§ğŸ‡· https://t.co/Y3mpDe3tQu,1
"Tem PT e Psol ai? Mera coincidÃªncia, eles sÃ£o contra a reforma pq querem o melhor para o povo trabalhador. #SQN https://t.co/RMiAOLmvuP",,,1
"@ThiagoNigro @cellbit FÃ¡cil??? Kkkkk. #sqn
ParabÃ©ns pra vcs.. Pq pq tÃ¡ super legal tentar  resolver. ğŸ‘ğŸ‘ğŸ‘ğŸ‘","Falei com o @cellbit agora:
- eu: Os primos tÃ£o achando que o #enigmaprimorico tÃ¡ fÃ¡cil. Vamos dificultar pra amanhÃ£?
- ele: https://t.co/DvXHxaOkw3",,1
@runtalita #sqn para vocÃª o quÃ£o merda Lula estÃ¡ na fita,"Foi vrau em cima de vrau!!! E recado foi dado: VAI TER MAIS FURO DE REPORTAGEM ! E ele nÃ£o fica como ministro, ele vai Ã© pra cadeia #MorotraidordapÃ¡tria #InterceptNoPÃ¢nico",,1
@JogueinaSEP Volta fera!!!! #sqn,Tiago Real no mercado https://t.co/XRcHpTngKn,,1
@sergiosepsep Eu nem vou assistir o jogo e tomar uma cerveja por causa disso. #sqn Cada comentÃ¡rio desse tipo me faz mais Palmeirense ğŸ’šğŸ·ğŸ»,"Nem imagina a falta que faz, hoje serÃ¡ dedicado um minuto de silÃªncio a estas perdas importantÃ­ssimas, desculpa vc Ã© quem mesmo? SÃ³ para citar no telÃ£o https://t.co/jSRfeJySI6",,1
@Krlao_ @CarlaZambelli17 Uau. Lacrou hein bixÃ£o? #sqn,"@CarlaZambelli17 Eu usei o auxÃ­lio moradia para comer gente.
Jair Messias Bolsonaro.
Comente isso se tiver coragem.",,1
"@heldermaldonado Baseado na opiniÃ£o desse ser, deverÃ­amos tirar de cartaz a peÃ§a #FridaaDeusaTehuana que estÃ¡ a CINCO anos em cartaz sem nenhum apoio, pq provavelmente serÃ¡ um fracasso #sqn #machonemÃ©gente https://t.co/xEwpXYCvsG",QUI AUTOESTIMA DA PORRA https://t.co/Io2EHlYUc2,,1
@CarlaZambelli17 SÃ³ gente boa. #sqn ğŸ™„ğŸ™„ğŸ™„ğŸ™„ğŸ™„,,,1
"Meus pais compraram a passagem para SÃ£o Paulo, porque iriamos todos daqui - essa sem chance de reembolso - e o sonho de conhecer o #chile foi pro ralo! Que tristeza! :( Obrigada @AviancaBrasil e @SubViagens por essa incrÃ­vel notÃ­cia! #sqn","NÃ£o Ã© pelo dinheiro que vocÃª perde..Ã© simplesmente uma viagem planejada com antecedÃªncia simplesmente nÃ£o vai rolar.. Simples assim..
Sem condiÃ§Ãµes de explicar a minha completa descrenÃ§a com empresas brasileiras..",,1
@rosana Nossa! Q inteligente e engraÃ§ada! #sqn ğŸ™„,"Podiam pegar Urano ou PlutÃ£o, achatar, pintar de azul, chamar de Nova Terra Plana, botar todos os humanos de extrema direita, os reaÃ§as, os homofÃ³bicos, os preconceituosos, os defensores de torturador pra morar lÃ¡ e ficar tocando Juntos e Shallow Now o dia inteiro pra eles.",,1
De fato nÃ£o existe tendÃªncia partidÃ¡ria na educaÃ§Ã£o #sqn absurdo #EscolaSemPartido https://t.co/0ShcpN2PYZ,,"ABSURDO! Professora,em Recife, fala sobre SINDICATO e greve geral (contra a previdÃªncia) para os alunos. SÃ£o CRIANÃ‡AS! https://t.co/YxSvuUaqRc",1
"Todo mundo trabalhando hoje? Feriado, nÃ©?! #sqn por aqui! Escuto muito perguntas do tipo: vc nÃ£o dorme? Vc nÃ£o descansa? Vc nÃ£o pÃ¡ra!
Uma das coisas que sempre faÃ§o comeÃ§ando minha manhÃ£ e minha tarde e terminando aâ€¦ https://t.co/gJ6zLnIthW",,,1
"@Nathan_Batista @jairbolsonaro Kkkkk, um verdadeiro cristÃ£o, nÃ©? ğŸ¤¦ğŸ»â€â™€ï¸ #sqn","@jairbolsonaro Verdadeiro gentleman! NÃ£o precisaria, mas assim mesmo oferece a outra face. ğŸ‘",,1
#tbt desse sorriso e animaÃ§Ã£o contagiantes #sqn #littlepaula em GravataÃ­ https://t.co/9gJ3s3vUW6,,,1
@republica_ctba @IvanValente @gleisi @dasilvabenedita   Sempre os memos hipocritas que defendem os â€œmais pobres â€œ..#sqn,Deputados de esquerda adeptos da aposentadoria especial tomam invertida na CÃ¢mara https://t.co/OcbMU24am4,,1
"O chat com o @picpay empresas Ã© Ã³timo, a cada duas horas uma das partes responde (pq pelo jeito a atendente esquece de mim assim como eu esqueÃ§o dela)... quem sabe no final do dia eu consigo resolver o problema do meu cadastro da loja! ğŸ˜‚ #picpay #sqn",,,1
"@folha Olha o desgasteste, perceberam o tanto de gente vaiando? E o tanto de copos que jogaram neles? Nunca vi tanto desprezo na minha vida.#SQN","Sob desgaste, Moro vai, de terno e gravata, ver jogo do Flamengo ao lado de Bolsonaro. Ambos vestiram camiseta do clube. O vice Hamilton MourÃ£o, o ministro da Economia Paulo Guedes e o deputado federal HÃ©lio NegÃ£o tambÃ©m estÃ£o nas tribunas em BrasÃ­lia https://t.co/RxYbSZarMc https://t.co/5ARvHEE5EH",,1
@ArturTenorio3 @margobernardpin @NiBarga @deltanmd @fabiopinajz Um democrata esse animal aqui #sqn,"@margobernardpin @NiBarga @deltanmd @fabiopinajz Sou contra deportar, tem q ficar PRESO no Brasil. Conhecer nossos presÃ­dios. Pedrinhas seria um Ã³timo lugar p comeÃ§ar",,1
"@RicardoSilva2l @desimpedidos Esse acompanha bem os jogos do campeonato brasileiro, todos lindos #sqn","@desimpedidos Que time horrivel, essas mulheres sÃ³ servem pra lavar a louÃ§a ou passar roupa mesmo. Nunca mais assisto futebol feminino, horrivel assistir esse futebol horroroso",,1
SeleÃ§Ã£o brasileira perde de 3 a 2 para AustrÃ¡lia na Copa de futebol feminina. Essas meninas jogam muito. #sqn,,,1
Estamos com poucos gringos no elenco... #SQN Sinal de que alÃ©m do Terans (ğŸ™) sai quem? ğŸ¤” https://t.co/vIFM1JyJAy,,"Recebo a info do meu amigo argentino direto de La Plata
@JoaquinTabares... 

O @Atletico ofereceu 3.5M de dÃ³lares por 50% de MatÃ­as Pellegrini!!! 

NÃºmeros ofertados foram rechaÃ§ados pelos argentinos... https://t.co/AaAkAWTtMb",1
"Corporativismo Ã© feio, Ã© egoÃ­sta, Ã© infantil... NinguÃ©m larga a mÃ£o de ninguÃ©m e vÃ£o todos rumo ao precipÃ­cio. #SQN Greve na sexta-feira? Sei... #Dia14EuVouTrabalhar",,,1
@o_antagonista @SF_Moro Caiuuuuu Que queda enoorme hein kkkkkkkkk #SQN,"De acordo com a pesquisa, o Ã­ndice positivo de @SF_Moro caiu de 60%, em maio, para 50,4%. https://t.co/G8p8pXf6B5",,1
"De virada Ã© mais gostoso, #sqn #ausbra https://t.co/Ta5gN6yKF1",,,1
Cada vez que eu preciso do @bradesco Ã© um parto. Estou a 4h tentando falar com a minha gerente e sem sucesso. EstÃ£o de parabÃ©ns! #sqn,,,1
"Essa Ludmila Ã© tÃ£o boa quanto a cantora .
#SQN 
#FIFAWWC",,,1
@zehdeabreu Que beleza!!! E tu acha que farÃ¡ falta??? #sqn,Acabo de queimar minhas camisas do Flamengo. Jamais voltarei a torcer por este clube de merda. https://t.co/shVb0XKGNK,,1
Direto do TÃºnel do tempo ou TÃºnel sem tempo ? #SQN . Kkkkk.... https://t.co/bFhXrEjy9p,,,1
"@berieux 23:49 - ""Com a lei trabalhista, o empregado vai poder conversar com o empregador""

00:00 -  #SQN",,,1
"Trabalhar feriado, maravilhoso #sqn",,,1
"@vivi_scans A pessoa quando Ã© algo nÃ£o precisa dizer mas basta ser... quando apregoam muito que sÃ£o determinada coisa, por norma sÃ£o o contrÃ¡rio daquilo dizem... Ã© o repetir muitas vezes uma mentira pra se tornar uma verdade #sqn","O juiz que se dizia ser anticorrupÃ§Ã£o era o corrupto.

#MoroTraidorDaPatria",,1
@zehdeabreu @antoniotabet deve estar muito chateado. inconsolavel... #sqn,Acabo de queimar minhas camisas do Flamengo. Jamais voltarei a torcer por este clube de merda. https://t.co/shVb0XKGNK,,1
"Aaah, PARA!! Quer dizer que pq a anti-PT, porÃ©m viÃºva do Alkimin estÃ¡ batendo no Glenn, ela virou a melhor jornalista dos Ãºltimos tempos?!

Inimigo do meu inimigo, Ã© meu amigo!!!
#SQN

#IntercePTCovarde #InterceptNoPÃ¢nico",,,1
"Me coÃ§ando pra nÃ£o postar no status do whatsapp hahaha 
A esquerda pira ! 
NÃ£o to querendo problema ...#SQN https://t.co/qln9IPV3bk",,,1
"a comemoraÃ§Ã£o contagiante do tÃ©cnico da austrÃ¡lia 
#SQN",,,1
"@folha Muito desgastado..... kkkkkkkkkk #SQN

#MoroOrgulhoDoBrasil","Sob desgaste, Moro vai, de terno e gravata, ver jogo do Flamengo com Bolsonaro https://t.co/MFjIB3gYVF",,1
"Cleber Machado narrando o gol da seleÃ§Ã£o feminina parece ele mesmo quando narrou o gol do Sport contra o Corinthians em 2008
Uma forÃ§a pra gritar o gol #sqn",,,1
@CaioCezarO Pergunta retÃ³rica nÃ©! #sqn,"A pessoa tuita, sei lÃ¡, uma sunga enterrada no cu e pergunta ""gostaram?"".
Se alguÃ©m diz ""nÃ£o"" comeÃ§a a militÃ¢ncia.

Pra q pergunta?",,1
"@Francischini_ @OficialNeyander Mas Delegado, olha sÃ³, eles conseguiram!  

#sqn #EuToComOMoro https://t.co/SUUV0D9aae","Stand up na frente da PolÃ­cia Federal, em Curitiba. Comediantes vermelhos! SÃ³ petista e pombo para pagar e assistir este Stand Up kkkkk https://t.co/pUHmN0OmSx",,1
"@SantosFC Depois de faturar o Paulista, copa sul-americana, copa do Brasil, o brasileirÃ£o tbm Ã© do Santos #SQN ğŸ˜‚",TÃ´ errado? #FreguesiaNoAlÃ§apÃ£o https://t.co/qRll0qB53d,,1
"Uma chuvinha de nada.
JÃ¡ jÃ¡ passa.  rsrs
#Sqn #Ilhado #QueroUmSubmarino #UmBoteServe https://t.co/Dz1e0UT5g7",,,1
NÃ£o existe machismo... #sqn https://t.co/SdJECpgA3R,,,1
Maior democracia do mundo #SQN https://t.co/vijXcqD026,,,1
"â€œFinal Felizâ€ #sqn 

Bruno Bandeira https://t.co/pewBJrHAhI",,,1
"NÃ£o sÃ³ dizem defender, mas se acham os donos dos pobres. SÃ³ eles sabem o que Ã© melhor. Obviamente que precisam ter privilÃ©gios em troca desse sacrifÃ­cio, nÃ©?! #SQN https://t.co/krLsS3wxLE",,E dizem defender os mais pobres... quanta hipocrisia! https://t.co/vuOiDY5tMZ,1
"Pensa numa esquerda que ama o povo Brasileiro #SQN  
#MoroOrgulhoDoBrasil #inmorowetrust #Dia30EuVou https://t.co/ing7MdkaWc",,,1
"@zehdeabreu Mas que falta vai fazer. #sqn
AmigÃ£o, torce pelo Vasco. Vai combinar, jÃ¡ que os 2 estÃ£o caindo.",Acabo de queimar minhas camisas do Flamengo. Jamais voltarei a torcer por este clube de merda. https://t.co/shVb0XKGNK,,1
"A lÃ³gica de @neymarjr Ã© uma coisa linda de se ver (#sqn): expor fotos Ã­ntimas de mulher, pode; mas a fotos dele na delegacia, nÃ£o pode, porque, nÃ©, vai queimar a imagem dele. Que dÃ³!",,,1
"Seus pais tambÃ©m fizeram isso com vocÃª? kkkk a alegria eestampada na cara do ser rsrs #sqn eita ğŸ˜²âœŒğŸ™‹ğŸ¶ğŸ¤”
..
#tbt #festa #junina #escola #fogueira #photo #caipira #raiz #quentÃ£o #pipoca #milho #maÃ§Ã£ #amor #tmj #xadrezâ€¦ https://t.co/RDnFC2fS2o",,,1
@JaislanoF @fenila Jura????? #sqn,"@fenila @Michelle_liuss1 Vdd;
SÃ³ ki; no inÃ­cio de governo Lula em 2003 atÃ© hove uma certa honestidade de prosperidade para com o paÃ­s mas ele desviou pro caminho do mal.",,1
@zehdeabreu Nossa!! O que serÃ¡ do @Flamengo sem a sua torcida?!?ğŸ˜± Certeza que estÃ£o todos apreensivos com essa perda irreparÃ¡vel na Gavea... #sqn,Acabo de queimar minhas camisas do Flamengo. Jamais voltarei a torcer por este clube de merda. https://t.co/shVb0XKGNK,,1
Grupo Globo checam tanto a veracidade das coisas #SQN que os proprios postam fake news para tentar manipular a opiniÃ£o publica https://t.co/0MxVPBKcQ5,,"@JornalOGlobo Fiquem tranquilos, a instabilidade parcial na conexÃ£o aos servidores acabou hÃ¡ mais de 14 horas. ğŸ˜‰",1
@mirelleadv Mais do que certo ! SerÃ¡ que todos estÃ£o errado e o Lula e seus demÃ´nios estÃ¡ certo ? #SQN,"Vamos aos fatos:
ğŸ“Œ Odebrechet mentiu? NÃ£o!
ğŸ“Œ OAS mentiu? NÃ£o!
ğŸ“Œ Delatores mentiram? NÃ£o!
ğŸ“Œ Provas falsas? NÃ£o!
ğŸ“Œ Lula Ã© santo? NÃ£o!
ğŸ“Œ TrÃªs instÃ¢ncias erraram? NÃ£o!
NÃ£o se anulam provas lÃ­citas, muito menos, desqualifica-se o esquema de corrupÃ§Ã£o!
... mimimi! 
#InMoroWeTrust",,1
Cada dia que passa acredito mais no meu potencial pra ser master chef kkkkk #acreditacolega #SQN,,,1
"Arruma encomenda de quadro, arruma tattoo, arruma 3d pra arquitetura. 
-FrenÃ©tico.
 Ainda bem que em meio a tanta ansiedade eu n sou viciado em cafÃ© nÃ©? #sqn",,,1
"@BolsonaroSP ParabÃ©ns pela comparaÃ§Ã£o, tudo a ver , sensacional , maravilhoso, excelente , muito bom, vc Ã© demais , que qualificaÃ§Ã£o, q atitude agora sim esclareceu
#sqn
#InFuxWeTrust #MoroTraidorDaPatria","PrÃ©dio cai &gt; culpa do engenheiro

BÃªbado dirige e mata &gt; culpa do motorista

Cachorro foge e morde alguÃ©m &gt; culpa do dono

Bandido atira e mata inocente &gt; CULPA DA ARMA, VAMOS DESARMAR TODO MUNDO!",,1
@renataagostini Ã‰ o â€œNÃ”UVOâ€ da polÃ­tica. #SQN,"Zema prometeu que ele, vice e secretÃ¡rios nÃ£o receberiam salÃ¡rio nem jetom. Registrou a promessa de campanha em cartÃ³rio. Diz agora que errou, atribui o erro Ã  inexperiÃªncia polÃ­tica e afirma que, na verdade, precisa aumentar o salÃ¡rio de seu secretariado. https://t.co/GffsUUSK8U",,1
"Lula Ã© inocente, coitado do bixinho...
#SQN
#Dia30EuVou",,,1
"Se liga aÃ­!

#repost brother_biblia

#Sqn
#BomDia https://t.co/Op6ehOqGJj",,,1
@alefrotabrasil Vai ser rÃ¡pido entÃ£o nÃ© ? #SQN...,Todos os 513 deputados poderÃ£o falar na comissÃ£o da PrevidÃªncia - Deputado Alexandre Frota foi o primeiro a falar na comissÃ£o.  https://t.co/Y1yEhF37qv https://t.co/eA3TC7NuMh,,1
"Essa Ã© a Nicole de verdade! #SQN 
#PowerCoupleBrasil https://t.co/dGkKYck4Uw",,@VemBigBrother @_reclamona_ https://t.co/hgfx6ytMn3,1
"O que o povo nÃ£o entende Ã© que independente de governo regente ou das falhas das magistraturas, o Lula Ã© culpado ... Foi julgado em primeiro ,segundo e terceiro grau.ninguem implantou prova no sÃ­tio ou coisa parecida.Acorda massa de manobra 
 #MoroTraidorDaPatria #sqn",,,1
"@SafaaDib LOL, sou uma estrela da TV  #sqn ğŸ˜
Deu em que canal?","Oh @celiamar_, acabei de te ver na TV no lanÃ§amento do Jeffrey Archer.",,1
"De acordo com a publicidade da Prefeitura do Recife, dezenas de pontos de alagamentos crÃ­ticos foram resolvidos. #sqn #raincife",,,1
"@jornalextra Caramba, estragou meu dia. #SQN",Bruno Gissioni critica o Flamengo por publicar foto de Bolsonaro e Moro: â€˜Que Vergonhaâ€™. https://t.co/zM9uPkQ9pq,,1
@PMERJ Todo mundo aÃ­ com o papelzinho do porte de arma nÃ©? #sqn,"Na manhÃ£ desta quinta-feira, nossos policiais do #39BPM apreenderam uma pistola 9 mm, dois revÃ³lveres, dois rÃ¡dios e drogas, durante operaÃ§Ã£o na comunidade Palmeira, em #BelfordRoxo.

#PMERJ #NasRuas #SempreAtuante https://t.co/Ej6g992sS7",,1
"@provetti_bruno @Debora_D_Diniz @SF_Moro A mina me bloqueou. 
Kkkkkkkkk
A tolerÃ¢ncia impera.. #SQN","@felipe_parente @Debora_D_Diniz @SF_Moro Haha, bem lembrado.",,1
"Que beleza ein @brunocovas , os velhinhos querendo buscar remedios ou tomar vacina, mas nÃ£o podem graÃ§as ao seu decreto que fecha as repartiÃ§Ãµes municipais para jogo de futebol feminino. PARABÃ‰NS!! #sqn absurdo https://t.co/X6hBJ7wSdo",,,1
"@Cassia1295 Ã‰ que hackearam e distorceram todas as conversas, adulterando, suprimindo e incluindo falas, atÃ© chegarem na versÃ£o final ora apresentada... #SQN","Para que precisariam ""hackear"" o celular de todos esses canalhas se os diÃ¡logos sÃ£o forjados? Tirem-me essa pequena dÃºvida... #MoroTraidorDaPatria",,1
"Ã‰ tÃ£o importante, mas tÃ£o importante, que nÃ£o estÃ£o investigando quem mandou matar Marielle e qual o paradeiro de Queiroz.

Grande juiz. #SQN 

https://t.co/YBeULvNIeY",,,1
@ggreenwald EstÃ¡ Ã© especial para vocÃª no dia de Santo AntÃ´nio @zeca_dirceu #SQN Eles jÃ¡ sÃ£o casados com mulheres lindas e de fibra. #InMoroWeTrust  ğŸ‡§ğŸ‡·ğŸ‡§ğŸ‡·ğŸ‡§ğŸ‡· https://t.co/Je2WX1wF2Z,"""Ã‰ cÃºmplice de um ato criminoso"": vc deve ser mais cuidadoso com sua linguagem. Ser o ""CEO da Forbes"" nÃ£o te dÃ¡ o direito de difamar com falsas acusaÃ§Ãµes de crimes. E se vocÃª nÃ£o acredita em jornalismo, deve sair da profissÃ£o. E da prÃ³xima vez tenha a coragem de dizer o meu nome: https://t.co/5H7z6EW2Um",,1
@zeca_dirceu @ggreenwald @TheInterceptBr EstÃ¡ Ã© especial para vocÃª no dia de Santo AntÃ´nio @zeca_dirceu #SQN Eles jÃ¡ sÃ£o casados com mulheres lindas e de fibra. https://t.co/mwXpf16ZFc,"@ggreenwald Siga firme @ggreenwald @TheInterceptBr 
NÃ£o de atenÃ§Ã£o aos canalhas. A imagem, responde tudo. https://t.co/R8V25uR9Dl",,1
"@ContaratoSenado @cbnvitoria TÃ¡ dando certo que sÃ³ a porra !!!
#SQN","A funÃ§Ã£o do Executivo Ã© garantir a seguranÃ§a da populaÃ§Ã£o. NÃ£o pode o Estado lavar as mÃ£os e deixar isso para a populaÃ§Ã£o. SenÃ£o, voltaremos a um estado de barbÃ¡rie. Falei agora Ã  @cbnvitoria 
https://t.co/3xibTByc8y",,1
"Ai vocÃª vai nos @CorreiosBR pra enviar 3 folhas de papel via Sedex de SP pro CE e eles te cobram R$64... Ou paga mais barato, mas pode levar atÃ© 20 dias pra chegar. Que serviÃ§o maravilhoso #SQN",,,1
"@Camarotti Que comÃ©dia vocÃª, hein ""jornalista/apartidÃ¡rio""? IsentÃ£o #sqn","Estou fora do Brasil e nÃ£o consigo acompanhar o noticiÃ¡rio como gostaria, entÃ£o fica a dÃºvida : jÃ¡ levaram o â€œjornalista/ativistaâ€ para depor ?! Ele Ã© cÃºmplice de um ato criminoso e precisa explicar essa histÃ³ria. Rigor contra esses bandidos que acham que podem seguir impunes.",,1
@portalR7 O Brasileiro Ã© um sujeito de paz e boa Ã­ndole...#SQN,Homem parecido com sogro de ator morto sofre ameaÃ§as na internet https://t.co/c30ePugwme https://t.co/bfO7B2DBzq,,1
@jairbolsonaro Igual Ã  Dilma na abertura da Copa do Mundo #sqn kkkkk,"- 12 de Junho. EstÃ¡dio ManÃ© Garrincha, Flamengo x CSA. https://t.co/oxN9FEYVph",,1
"Ã‰ o fim do Moro e do governo Bolsonaro . #sqn
#Dia30EuVou https://t.co/iVw0CeBJ8P",,,1
"@bobdaslabaredas @MBLivre Mas num foi tudo inventado pelo Moro?! 
Ele comprou o triplex e colocou no nome do Molusco. Bichinho!
O Deltan tirou dinheiro do bolso e mandou pro exterior, pra fingir que era dos polÃ­ticos honestos. 
Todos mal carÃ¡ter.
SÃ³ quem presta Ã© quem tÃ¡ preso. 
DÃ¡ uma pena!
#sqn #ironia",SerÃ¡ que as conversas de zap anulam todos esses fatos? HAHAHA petista Ã© bixo iludido. E mau carÃ¡ter. https://t.co/VlXbEMnoLc,,1
"O presidente mais impopular de todos os tempos. #sqn
Esse Ã© o meu presidente @jairbolsonaro ğŸ¤—â¤ï¸ https://t.co/HkQiz4v6oJ",,,1
"@MBLivre Quem nÃ£o for, nÃ£o Ã© patriota. Aproveitem e fiquem em casa tuitando Lula livre e Moro ladrÃ£o ou Moro bandido junto com a esquerda. Fica muito bem fazer pirracinha e deixar o a Lava Jato  ser achincalhada. ParabÃ©ns! #SQN
#Dia30EuVou",#Dia30EuVou https://t.co/ZaaiGVqM6K,,1
"@bernardopkuster @LeonardoBoff @ggreenwald Realmente, Boff Ã© burro. Vc, que ninguÃ©m sabia quem era, atÃ© vc pagar de baba ovo do gÃªnio Olavo, Ã© que tem uma mente brilhante, um raciocÃ­nio sensato e uma anÃ¡lise da sociedade capitalista moderna que estÃ¡ exposta em dezenas de livros... Estudei vc e Olavo na faculdade... #SQN","@LeonardoBoff @ggreenwald O senhor Ã© burro ou o que? Com 360 graus se volta no mesmo lugar. HAHAHAHA 
Este Ã© o intelectual da teologia da libertaÃ§Ã£o. PQP!",,1
"@alex_borges Se nÃ£o fosse noticiado no J.N nunca ia desconfiar...
Obrigada J.N!! #sqn",CÃª jura? https://t.co/kBUPoHBltD,,1
"O Brasil nÃ£o Ã© para amadores mesmo. Mais um assassinado por essa gente de bem, que torce pelo povo brasileiro. #sqn
Ã‰ meu caro Celso Daniel, vocÃª foi sÃ³ o primeiro. https://t.co/anyCDl5Awl",,,1
"@PastorMalafaia O Sr.. Ã© Pastor? #SQN
DÃ¡ muita tristeza ver que alguÃ©m que deveria pregar o AMOR, pregue o Ã“DIO... Ã‰ isto que a palavra de Deus prega... continua o Sr. no ""olho por olho, dente por dente""""... O Sr. nÃ£o acredita na Palavra de Jesus Cristo?",ATENÃ‡ÃƒO POVO BRASILEIRO! Vamos divulgar os nomes dos deputados que assinarem o pedido CPI contra Moro e o MPF. Esses vagabundos que apoiam o maior esquema de corrupÃ§Ã£o da histÃ³ria polÃ­tica do mundo. Vamos denunciar isso para esses esquerdopatas bandidos nÃ£o serem reeleitos.,,1
MORO E BOLSONARO SENDO HOSTILIZADOS NO MANÃ‰ GARRINCHA - BRASÃLIA. #SQN #EuApoioLavaJato #Moro #Bolsonaro ğŸ‡§ğŸ‡·ğŸ‡§ğŸ‡·ğŸ‡§ğŸ‡· https://t.co/1MXzYs8bWU,,,1
@albuquerque_af Segundo a XP eles sÃ£o os primeiros KKKKKKKKKKKKKKKKKKKKKKKKKKKK. #SQN . TC Ã© do caral.....,"Hj Ã© um dia especial para o TC.

O head da mesa de equities &amp; derivatives do BTG, Jerson Zanlorenzi, comeÃ§ou a contribuir na nossa plataforma.

Ã‰ + um passo no rumo a democratizaÃ§Ã£o do acesso a informaÃ§Ã£o no 1Â° e Ãºnico app independente de informaÃ§Ã£o e comunicaÃ§Ã£o do nosso mercado",,1
"@sarinharsl Kkkkkkkkkkkk
Ã‰ que na hora q passa fica maravilhoso, aÃ­ vc a pessoa vicia e a merda vai acontecendo, mas vc jÃ¡ estÃ¡ viciada ğŸ˜‚ğŸ¤£. Qndo eu passo e vou pro sol parece q taquei Ã³leo de bronzear na cara. Fica uma belezaaaaaaaa #sqn",Quando vai acabar essa moda infernal de tacar iluminador na cara atÃ© parecer que tÃ¡ com as glÃ¢ndulas sebÃ¡ceas descontroladas?,,1
"ReposiÃ§Ã£o do Mais MÃ©dicos, com mÃ©dicos nacionais... #sqn https://t.co/6weXxMxOTN",,,1
"Nada como ter uma justiÃ§a que protege os trabalhadores. #sqn Desembargadora cita ""carÃ¡ter polÃ­tico"" ao proibir greve de trens em SP https://t.co/CENnrcFu0N via @UOLNoticias @UOL",,,1
A cara de anjinho do papai kkkkk #sqn #baby #love ğŸ˜‡ğŸ˜ https://t.co/wvW0GQsHlE,,,1
"Alias, fun fact: um ex (depois de estarmos juntos uns 3 meses) me pediu oficialmente em namoro no dia dos namorados. 
â€œAh fofinho!â€ vcs pensariam. #SQN
No aniversario de namoro a gnt teve q comemorar depois, pois IMPOSSÃVEL fazer qualquer coisa bacana p/ comemorar algo nesse dia.",,,1
Nada como ter uma justiÃ§a que protege os trabalhadores. #sqn TST abre precedente para uso de forÃ§a policial contra piquete grevista https://t.co/od604l63ho,,,1
Quer fizer que o @MBLivre vai fazer uma manifestaÃ§Ã£o a favor da Lava Jato e a direita radical nÃ£o vai porque Ã© o MBL? ğŸ‘ğŸ»ğŸ‘ğŸ»ğŸ‘ğŸ»ğŸ‘ğŸ»ğŸ‘ğŸ»ğŸ‘ğŸ»ğŸ‘ğŸ»ğŸ‘ğŸ»ğŸ‘ğŸ» ParabÃ©ns pela coerÃªncia ! #SQN,,,1
"Agora tÃ¡ bom mesmo, o #bolsolixo carregando o #MoroCriminoso de chaveiro pra todo lado pra tentar mostrar que estÃ¡ TD bem... 
Bandidos unidos jamais serÃ£o vencidos ? 
#sqn #justiÃ§a #SextaTemGreve",,,1
"huummmmmm......normal.. ""nao vejo nada de mais ""  #SQN https://t.co/rzsChw9Yy8",,@hbredda 3. https://t.co/vPPExghxTf,1
"@zehdeabreu Muitos tweets solidÃ¡rios Ã  vc cuspidor !!!
#SQN",Acabo de queimar minhas camisas do Flamengo. Jamais voltarei a torcer por este clube de merda. https://t.co/shVb0XKGNK,,1
"A imagem Ã© superecolÃ³gica, #sqn https://t.co/sWpRQVbqSJ",,"Mete a foice no IBAMA, diz Bolsonaro para Salles. Ã‰ como governador mandar chefe de PolÃ­cia fechar a delegacia de HomicÃ­dios. Morte Ã  Natureza e aos Ãndios e Seringueiros. ForÃ§a total ao crime ambiental. Bolso e Salles unidos pelo desmatamento e poluiÃ§Ã£o! 
https://t.co/JXp8DBx3yu",1
@BolsonaroSP Seu pai Ã© um exemplo de como funcionam as armas. #sqn https://t.co/9J2e9p6GdW,"Populista? ApÃ³s o desarmamento, aprovados pelos mensaleiros de Lula em 2003, temos recordes de mortes por arma de fogo. Estamos morrendo como porcos nos semÃ¡foros e sem sequer podermos nos defender. A depender do senhor esse quadro nÃ£o mudarÃ¡. Quantos mais precisarÃ£o morrer? https://t.co/0fgqKkyjhe",,1
Jair Bolsonaro e Moro no jogo do flamengo. Nem sÃ£o queridos #sqn nÃ£o adianta soltarem conversas fakes o #Povo ama https://t.co/budnEdq233,,,1
@JornalOGlobo SÃ³ gente fina! #SQN,"Moro recebe deputados evangÃ©licos no gabinete, ora e se mostra tranquilo em relaÃ§Ã£o Ã  atuaÃ§Ã£o na Lava-Jato. https://t.co/uAuPEFwjTH",,1
"#MoroTraidorDaPatria #SQN 
Observe atentamente quem estÃ¡ nesta foto.
Reconheceu os personagens ? https://t.co/YJ5a2kzV16",,,1
@VEJA @radaronline Nossa! Mesmo! A Biografia do Jean Willys? Nao2 vejo a hora de comprar! #sqn #IronicModeOn #Apamerda,Biografia de Jean Wyllys chega Ã s livrarias em julho (via @radaronline) #ConteÃºdoExclusivo #VEJAColunistas  https://t.co/oUvjHzeNrS,,1
Dia dos namorados 2019: chegamos os dois Ã s 18h em casa e deitamos â€œ20 minutosâ€ para descansar e sair. Acordamos Ã s 23h. Black mirror e dedinhos de queijo na cama. Romantismo Ã© com a gente #SQN ğŸ˜‚ğŸ˜‚,,,1
@pschoticsmile Coisinha maisiiii lindaaaa #sqn q,"Ë¹ â™¯  ğŸ”ª __  ğ£ğ¨ğ¤ğğ«â€™ğ¬ ğ¥ğğ ğšğœğ²* 
âŸ… 1OO% Ä±nsÉ‘ne, socÄ±opÉ‘th, trÄ±cÎºster.     
                 âª HA-HA-HA! â« 
    â›heroes É‘lÉ¯É‘Ñ‡s get remembered but Ñ‡ou knoÉ¯ legends never dÄ±e.âœ https://t.co/hHadm5Q2b4",,1
"&gt;&gt;&gt; ATENÃ‡ÃƒO: URGENTE #lulasolto

Diante da booomba intercÃ©PTica e apÃ³s assistir a entrevista de Juka e Trajano, Moro decidiu liberar o molusco 

#sqn #Dia30EuVou #EuApoioaLavaJato https://t.co/hgqiwXIZLi",,,1
"Eu sou uma excelente dona de casa #sqn 
Desde sÃ¡bado que eu estou ouvindo umas batucada logo cedo 
Achei que meu vizinho estava fazendo obra na casa dele
Hoje perguntei para a Miriam quando que o vizinho vai parar com essa obra chata chataaaa
Ela disse q a obra Ã© lÃ¡ em casa ğŸ˜±",,,1
Qd teremos nvs historias #Ninincriveis @pablovillaca? E as pÃ©rolas do @Ticostacruz? Os discursos complexos da @dilmabr? #sdd #sqn,,,1
"Impressionante como a torcida do @Flamengo ficou indignada com a presenÃ§a do presidente e do Ministro...#SQN
ğŸ‘ğŸ‘ğŸ‘ğŸ‘ğŸ‘ğŸ‘ğŸ‘ğŸ‘ğŸ‘ğŸ‘ğŸ‘ğŸ‘ https://t.co/Ypuq4oR6rh",,"JÃ¡ viu o vÃ­deo do MaracanÃ£ LOTADO VAIANDO @jairbolsonaro e gritando FORA MORO? De arrepiar! Eu tenho! Pessoal grita LU-LA LI-VRE! Quem enviou foi o marido de um amigo meu, fonte confiÃ¡vel! Deixa eu achar o meu tablet...  Aqui, alguÃ©m conhece algum hacker? https://t.co/wXYLIVicus",1
@JoelPinheiro85 Nada de altruÃ­smo. Isso nÃ£o existe. #SQN #InGodWeTrust,"Levados pela ideologia, muitos celebraram a saÃ­da dos mÃ©dicos cubanos. Quem nÃ£o estava cego jÃ¡ avisava: a populaÃ§Ã£o carente brasileira sofrerÃ¡ com isso.

Demagogicamente, fomos levados a creer que brasileiros preencheriam as vagas. 

Agora, a realidade:

https://t.co/iigyTmoDAv",,1
"@raelleandradx @pedrop_rex Vc estÃ¡ a ofender essa categoria tÃ£o altruÃ­sta! #SQN #InGodWeTrust  Foi se o tempo em que se acreditava em altruÃ­smo amor ao prÃ³ximo. Tem um livro chamado ""gene ruim"" meu amigo tem. Estou resistente a ler. Tenho medo.",Quem q foi levado a crer que os mÃ©dicos brasileiros preencheriam as vagas? SÃ³ os bobos mesmo que acreditam que os mÃ©dicos brasileiros se enfiariam em lugares remotos... eles estÃ£o se formando por dinheiro e nÃ£o por amor e Ã  dedicaÃ§Ã£o de salvar vidas como pregam. https://t.co/nNFvHin7De,,1
Eu comeÃ§ando o dia... super animada!!! #SQN https://t.co/I3kNFLEsQq,,,1
@HeraSilverheart @folha @folha_poder Depois dessas explicaÃ§Ãµes pra justificar a montagem tÃ´ atÃ© comeÃ§ando a acreditar que o Lula Ã© inocente ğŸ˜‚ğŸ˜‚ğŸ˜‚ğŸ˜‚ #sqn,@ademarthiago @folha @folha_poder https://t.co/4zPkivblgd,,1
@alex_borges Kkkkkkkkkkkkkkkkkkk Ã³tima reportagem #SQN,Temos um candidato ao prÃªmio mÃ¡ximo no Clickbait Awards 2019 https://t.co/Z4QuHvPk3Y,,1
O cara Ã© autÃªntico #sqn #VazaJato https://t.co/r1wNJpGd2b,,,1
"""...ain, vou queimar minha rosca, ops... camisa!"" 
ZÃ© do Umbral agr nÃ£o vai mais ser @Flamengo pq o Presidente nos honrou vestindo o Manto  Vai fazer uma falta!!! #sqn https://t.co/C3xBWJE2mO",,Acabo de queimar minhas camisas do Flamengo. Jamais voltarei a torcer por este clube de merda. https://t.co/shVb0XKGNK,1
@ContaratoSenado @fbotacin @cbnvitoria @SenadoFederal Se diz Ã   favor do povo? #sqn . Favoreceu a bandidagem #ArmasEuDecido,"#AoVivo Falando a @fbotacin da @cbnvitoria sobre a decisÃ£o dos senadores na CCJ do @SenadoFederal, nesta manhÃ£, com a decisÃ£o de rejeitar o decreto das armas editado pelo Presidente. https://t.co/jsTib2yg0m",,1
"Viva a PÃ¡tria Educadora....
#SQN
ğŸ‡§ğŸ‡·ğŸ˜ğŸ‘‰ğŸ‘‰ https://t.co/Hcw7uP5kek",,,1
@zeca_dirceu Falou o exemplo de integridade e honestidade da famÃ­lia dirceu #sqn #EuToComOMoro,"ApÃ³s ter suas relaÃ§Ãµes promiscuas com Dallagnol reveladas, Moro Ã© chamado de corrupto e partidÃ¡rio, no Senado. Vergonha! https://t.co/1JvOYkXzrh",,1
"@bras_alle Vaiaram como fizeram coma Dilma! #sqn .
Ã‰ muito bom ver e ouvir nosso presida @jairbolsonaro e o ministro @SF_Moro sendo ovacionado pelos brasileiros num estÃ¡dio! A esquerdalha chora !!!!","VEM VER GENTE!  
A REJEIÃ‡ÃƒO QUE O PRESIDENTE E O MINISTRO MORO SOFRERAM NO MANE GARRINCHA AGORA Ã€ NOITE! 
ACHO QUE EU SOU A ÃšNICA PESSOA DO PAÃS QUE AINDA AMA OS DOIS!  
ğŸ˜‚ğŸ˜‚ğŸ˜‚ğŸ˜‚ğŸ˜‚â¤â¤â¤â¤ğŸ˜ğŸ˜ğŸ˜ğŸ˜ğŸ˜ğŸ˜ğŸ˜ MUITA MITAGEM https://t.co/0Xh6QNv7Zr",,1
"Para o cafÃ© da manhÃ£ de hoje: WaffleğŸ¥
.
 ğŸ¥° humm que delÃ­cia ğŸ˜‹ tÃ£o fofinho por dentro e coberto com Doce de LeiteğŸ¯  e Chocolate ğŸ«. 
.
Fala sÃ©rio, parece atÃ© uma â€œgordiceâ€ #sqn Ã© fit, nÃ£o tem farinha e ainda emagrece!â€¦ https://t.co/UsjQ8iZoXW",,,1
@folha Voce podia ter sido mais educadÃƒÃƒ #sqn hahahahhahahaha,Mais VocÃª: Namorado apaixonado faz jantar romÃ¢ntico para a sua companheira e ela odeia https://t.co/DPnsdNv3rD,,1
"HUM .... A ONU? ... AQUELA ORGANIZAÃ‡ÃƒO SERISSIMA? #SQN #InMoroWeTrust

 https://t.co/pMnV2JegaS",,,1
"@abrahaofabio @MiguelAngelodo6 @g1 Chegou a ver a nota da Gobo? 
Que peninha. #sqn",@MiguelAngelodo6 @g1 https://t.co/2zVmaxlJHI,,1
ğŸ¤”ImpressÃ£o minha ou acontece @TwitterBrasil @Twitter qdo eu uso o curtir e/ou retweetar de notÃ­cia de direita ou conservador dÃ¡ impressÃ£o que funcionou e tipo #SQN,,,1
@zeca_dirceu Talvez o do seu pai esteja lÃ¡ tbemâ€¼ï¸ TÃ£o inocente...#sqn â€¼ï¸ https://t.co/BEONVNIJoj,"Exigimos que o governo pare de atacar a educaÃ§Ã£o e faÃ§a polÃ­tica para todos. E que o ministro da JustiÃ§a, Moro, seja afastado e as cortes superiores anulem os julgamentos que condenaram Lula com sua imediata libertaÃ§Ã£o. #SextaTemGreve https://t.co/txYsRBZ0AM",,1
"@joluy @aguedescartoon @ManoGomesNeto Mania que esse povo tem de terceirizar suas responsabilidades. Configura direito e pronto. #SQN
Querem tudo prontinho bastando apenas adquirir. Que gente chata e fraca!","@aguedescartoon @ManoGomesNeto Guedes,
Se vc nao configurar a verificacao em duas etapas, vc tb pode ter acesso ao histÃ³rico do whatsapp.",,1
Bolsonaro e SÃ©rgio Moro foram ao jogo do Flamengo. E olha como foram xingados #sqn https://t.co/7FeHxG21Vj,,"Mais uma vez, a tentativa de causar uma saia justa no governo foi por Ã¡gua a baixo. NÃ£o existe na histÃ³ria, um Presidente tÃ£o gente boa.
Moro, relaxa ministro todo mundo tem um amigo assim. https://t.co/q0bSnTiIjA",1
Dia Maravilhoso para ir para PB #SQN,,,1
@zehdeabreu Baita gesto hein! Tivesse filmado teria repercussÃ£o internacional. #sqn T liga!,Acabo de queimar minhas camisas do Flamengo. Jamais voltarei a torcer por este clube de merda. https://t.co/shVb0XKGNK,,1
â€œHackerâ€ invade sistema da PetrobrÃ¡s e impÃµe volta da polÃ­tica de preÃ§os de Pedro Parente. Governo promete investigar invasÃ£o. #SQN https://t.co/bm7yvjtcRP,,"Petrobras volta a poder reajustar preÃ§os dos combustÃ­veis sem periodicidade definida.

https://t.co/H6pY8xriV3",1
Comprei uma blusa menor que Arthur e to me achando magrinha #sqn,,,1
"@zehdeabreu Tanta gente querendo comprar a camisa do Flamengo e sem dinheiro para isso, enquanto vc sente orgulho em dizer que â€œacaba de queimarâ€ as suas! Realmente vc Ã© um grande exemplo para sociedade! #SQN",Acabo de queimar minhas camisas do Flamengo. Jamais voltarei a torcer por este clube de merda. https://t.co/shVb0XKGNK,,1
"O advogado chefe do dept de patentes de uma grande empresa alemÃ£ chegou  para uma reuniÃ£o na empresa onde eu trabalho, vestido com tÃªnis de lona,  calÃ§a jeans no-name e camisa polo sem marca. Igualzinho a advogados no  Brasil. #sqn",,,1
@Desesquerdizada @folha DÃ¡ um pulinho na @ do clube Ã© veja como ele agradou....#Sqn,"@folha O ""desgaste"" Ã© tÃ£o grande que ele recebeu uma camisa da torcida e foi ovacionado.
Mas sÃ£o os outros que divulgam ""fake news"", nÃ© Foice?",,1
"E que tal beber sem terem que ressacar no dia a seguir?? Que acham? Assim beber com ""moderaÃ§Ã£o""??? TÃ£o ver??

Adoro as vossas ressacas e pseudo ressacas.... 

#sqn #santospopulares2019 #ficaadica",,,1
@DiegoSantis11 @SF_Moro Igualzinho quando a Dilma estava no estÃ¡dio e foi vaiada kkkkkkkk #sqn #BolsonaroNossoPresidente #MoroOrgulhoDoBrasil,@SF_Moro Orgulho de vcs!!! O povo fecha com quem Ã© do povo. E vcs sÃ£o dos nossos. ğŸ‘ğŸ‘ğŸ‘ğŸ‘ğŸ‘,,1
@folha Nossa que desgastado a imagem!!!! #sqn https://t.co/9txmvrn7xi,"Sob desgaste, Moro vai, de terno e gravata, ver jogo do Flamengo ao lado de Bolsonaro. Ambos vestiram camiseta do clube. O vice Hamilton MourÃ£o, o ministro da Economia Paulo Guedes e o deputado federal HÃ©lio NegÃ£o tambÃ©m estÃ£o nas tribunas em BrasÃ­lia https://t.co/RxYbSZarMc https://t.co/5ARvHEE5EH",,1
"@folha -Perdoe Abel traga-o de volta. 
- AÃ­ dentro! !
- Oiiiii respita o juiz.
- claro, o de futebol 
- U outro Ã© sÃ³ perdoar.
-#SQN 
- Mas da certo.
- #SextaTemGreve
- #infuxwetrust 
- #VazaJato 
- #LibertemLula","Sob desgaste, Moro vai, de terno e gravata, ver jogo do Flamengo ao lado de Bolsonaro. Ambos vestiram camiseta do clube. O vice Hamilton MourÃ£o, o ministro da Economia Paulo Guedes e o deputado federal HÃ©lio NegÃ£o tambÃ©m estÃ£o nas tribunas em BrasÃ­lia https://t.co/RxYbSZarMc https://t.co/5ARvHEE5EH",,1
"@maurocezar @wellbertty @maurocezar qdo um Asno  resmunga.
NÃ£o gaste saliva ofereÃ§a Capim!ğŸ˜
Vivemos numa Ã©poca que apenas esses Fascistas acham que podem falar que podem invadir e grampear telefone de presindentas e qdo provam do mesmo remÃ©dio, tudo vira uma grande conspiraÃ§Ã£o.
#SQN.
A Farsa tÃ¡ caindo.",,,1
@santosmonica7 @rodrigobocardi @metrosp_oficial Nao haverÃ¡ greve nenhuma. SÃ³ Comunistas incendiÃ¡rios forÃ§ando o povo de bem a aderir #sqn,@rodrigobocardi  e @metrosp_oficial  pessoal jÃ¡ temos alguma definiÃ§Ã£o sobre a paralizaÃ§Ã£o de sexta feira?? Obrigaduuuu ğŸ˜˜ğŸ˜˜,,1
"Globo se preocupa tanto com a veracidade #SQN que nunca se preocupou com as veracidades das delaÃ§Ãµes, como fizeram no caso Temer e JBS. Globo estÃ¡ com medo q chegue nela, isso sim https://t.co/RwNeYQZ7hb",,"@ViniciusN1kolod Ã‰ Ã³timo ver de um lado gente falando que a Globo passa pano pros dois e o outro lado dizendo que ela estÃ¡ atacando os dois.
Acho q a Globo deve estar fazendo a coisa certa, publicar o que estÃ¡ acontecendo.",1
@mmarescast De feio a ridÃ­culo quer mostrar q estÃ¡ tudo bem #sqn #VazaJato  #VazaMoro  @jairbolsonaro  um bosta.,"EscÃ¡rnio!! Hoje! 
""Bolsonaro vai jogo do Flamengo em BrasÃ­lia ao lado de Moro"" https://t.co/VBMo4BkxvI",,1
@vivobr #sqn viu?! Faz assim... lÃª a historinha  lÃ¡ com calma e depois me conta se dÃ¡ conta da missÃ£o mesmo.,"@Shimedeiros_ Shirlane, missÃ£o dada Ã© missÃ£o cumprida! Te espero por DM! ğŸ˜‰ğŸ’œ https://t.co/5yUsfK64x1",,1
A noite vai ser longa!! #sqn ğŸ¤£ #DiaDosNamoradosTheNoite https://t.co/rdNAHMR9vV,,,1
Achei coerente. Todo mundo jÃ¡ sabia que Ministro do STF Ã© Deus. #SQN #InGodWeTrust #infuxwetrust ğŸ˜†ğŸ˜†,,,1
"Pronto acabou o dia da falsidade. Agora voltamos para a putaria, para os chifres, para o ""eu finjo que nada aconteceu nessa porra,"" voltamos tbm de braÃ§os abertos para os talaricos e talaricas nossos de cada dia. #FelizDiaDosNamorados #SQN",,,1
ExperiÃªncia jÃ³ia hoje com ifood. #sqn,,,1
"@aguedescartoon Seguro mesmo Ã© o zap,.onde seu nÃºmero fica exposto, todos os dias tem noticias de golpes, vazamentos de prints, audios e videos alÃ©m do agravante de ser do facebook, que Ã© um primor de seguraÃ§a e privacidade. 
#SQN 
NÃ£o adinta colocar o cadeado no portÃ£o e nÃ£o fecha-lo!","Ã‰ sempre com o Telegram, mas Ã© seguro, tÃ¡ bom amiguinhos? Podem continuar usando isso aÃ­.

https://t.co/cqrjGLakUH",,1
"Pelo jeito hoje a galera nÃ£o tÃ¡ comemorando os 3 pontos, mas sim a foto do Presidente e do Ministro! TaOkey! #SQN",,,1
@zehdeabreu Olha aÃ­ outro que vai fazer falta... #sqn https://t.co/5U8gnH4ZcW,Acabo de queimar minhas camisas do Flamengo. Jamais voltarei a torcer por este clube de merda. https://t.co/shVb0XKGNK,,1
"@jairbolsonaro O Moro estÃ¡ isolado..... kkkk #sqn @senadorhumberto @jandira_feghali @gleisi 

Enquanto isso o Curintia, time de ladrÃ£o levou um coro do meu @SantosFC","- 12 de Junho. EstÃ¡dio ManÃ© Garrincha, Flamengo x CSA. https://t.co/oxN9FEYVph",,1
@allantercalivre @joicehasselmann @joicehasselmann trabalha mas fazendo a cama pro comuna @jdoriajr ; pretendente ser Presidente #SQN . Comunistas jamais!,Por que ninguÃ©m lembra da @joicehasselmann quando isso acontece? https://t.co/7SKvdu6nZG,,1
@thatgusmartin @RaquelBlak @FlavioDino Sem duvida o grande MaranhÃ£o Ã© o melhor lugar do brasil pra viver #sqn,"@RaquelBlak @FlavioDino LÃ¡stima? Procure se informar. O MaranhÃ£o hoje Ã© um lugar muito, MUITO melhor. Quem vota mal Ã© paulista, que vota em DÃ³ria; e carioca, que vota em Witsel.",,1
"Invadiram as minhas redes sociais  tambÃ©m sumiram vÃ¡rias foteeeenhas e postagem antigas tambÃ©m..ğŸ¤”ğŸ˜ŠğŸ˜³.
#Sqn https://t.co/jglU5UtqTQ",,,1
"@locas3g Afinal a CÃ¢mara de BelÃ©m tÃ¡ com tudo em dia. Ã”nibus perfeitos, coleta de lixo padrÃ£o, a cidade parece primeiro mundo! #sqn",O pior Ã© que hoje vai estar em BelÃ©m recebendo o tÃ­tulo de cidadÃ£o honorÃ¡rio https://t.co/tkrH6jQlAL,,1
@_AlexGavea_ @folha NÃ©? As vaias sÃ£o ensurdecedoras #SQN,"@folha o vÃ­deo mostra um desgaste imeeeeenso kkkkkkkkkk 

GRANDE NOITE ğŸ‘ğŸ»â¤ï¸ğŸ–¤ https://t.co/9R2IVlFqhz",,1
Conta boaaaa #SQN #PokerStars https://t.co/Go0YxHxeow,,,1
"@aguedescartoon SerÃ¡ que o @reinaldoazevedo vai mostrar aquele audio  do Gilmar Mendes  ligando para o corrupto Sinval Barbosa ? Bem interessante aquelas tratativas. Honestas e republicanas #sqn 
Vaza vai....","Que triste fim de carreira deste senhor: rastejando pra ganhar atenÃ§Ã£o divulgando conteÃºdo de conversas privadas. Logo ele, que foi flagrado declamando poeminhas pra irmÃ£ do AÃ©cio Neves e combinando pautas. https://t.co/wEDOcetvZZ",,1
"@catheusmastro TÃ¡ de sacanagem, sÃ³ pode. Um Ã­cone da mÃºsica.#sqn",ImpossÃ­vel escutar e nÃ£o ficar encantado https://t.co/8MWpo6x69Z,,1
@Guilhervato Vem Catrina kkk #sqn Deus nÃ© livre kkkk,,,1
CoerÃªncia... #SQN https://t.co/opmq2MkWmC,,"Vergonhoso o Flamengo e sua comunicaÃ§Ã£o. Se esse funcionÃ¡rio de camisa pÃ³lo e o vice de futebol tiram foto com polÃ­ticos, ainda mais numa semana como a que vivemos, problema deles. Mas o Twitter oficial do clube compartilhar isso como algo oficial? Depois da nota oficial abaixo? https://t.co/YJrwnkEs1b",1
"@rj_rangel Ã‰ muito Ã³dio..
Kkkkkkkkk
#sqn",,,1
"@Estadao @EstadaoEconomia Dia e horÃ¡rio comercial, infernizando a vida de quem trabalha e quer trabalhar, em prol de uma causa subliminar #lulalivre #sqn. Participar Ã© um ato de apÃ³io a criminosos presos e prÃ© candidatos a prisÃ£o. Sexta feira dia 14 Ã© o dia em que eles exaltam o ""NÃ³s contra os Outros"" ğŸ˜Ÿ","ConvocaÃ§Ã£o Ã  greve geral de sexta-feira chega aos tranding topics, no Twitter https://t.co/REzrPU2zWo (via @EstadaoEconomia)",,1
"@_AlexGavea_ @Flamengo Nossa, vai fazer uma falta... #sqn https://t.co/qJdE6V7WOL","acabou pro @Flamengo, a Elisa acaba de mudar de time ğŸ˜¥ https://t.co/50orsuu0ls",,1
@PresidenBr @folha DÃ¡ pra ver como a figura dele tÃ¡ bem desgastada mesmo.....kkkkk. #sqn,@folha Q desgaste? Kkkkkkkkkk,,1
@mittoso Se jÃ¡ Ã© bom em dias normais imagina hj #sqn #odeio #flanelinha,"DICAH

quer jantar com o mozao? podem ir lÃ¡ na praÃ§a do pq das laranjeiras ğŸ˜ğŸ˜ nÃ£o tÃ¡ NEM UM POUCO lotado ğŸ¤¯ 

tem mt vaga pra estacionar!!!! de fazer inveja

zero caos, confia em mim, tava DESERTOH sim!!!!!!!! 

divirtaose https://t.co/PJG92Q5Fxd",,1
"@JorgeOl56925488 @jairbolsonaro @SF_Moro Vai lÃ¡ macho apaziguar uai...
JÃ¡ que vc Ã© o bichÃ£o, vai lÃ¡ e fala a boca do ministro e do presidente.. #sqn vc Ã© um bundÃ£o, me esqueci.","Enquanto @jairbolsonaro e o ministro @SF_Moro se divertem vendo o jogo do Flamengo, a populaÃ§Ã£o da MarÃ© (RJ) sofre com tiroteios entre policiais e bandidos. Presidente e ministro inÃºteis!!",,1
Realmente o presidente e o ministro estÃ£o com as relaÃ§Ãµes abaladas #sqn https://t.co/Uj7SKBES9Q,,,1
@HaddadDebochado InsentÃ£o. #sqn. #infuxwetrust https://t.co/5OALiblSWt,Mas olha que coincidÃªncia...#infuxwetrust https://t.co/3R37vAK89K,,1
"A piada Ã© ruim vai... Mas o Sasha aprendeu a marcar gol com o o PelÃ©, pai dele com a Xuxa? Kkk #SQN #SANXCOR #SantosFC",,,1
1- Nao podemos jogar com jogador improvisado na posiÃ§Ã£o 2- Junior Urso parou dejogar ja faz algum tempo ja 3- Jadson perdidinho no meio campo... Ã“ resultado ta ai 1x0 pros cara ja .. ParabÃ©ns @Corinthians #sqn !!,,,1
"E a gestÃ£o PTista nos deixa+uma marca indelÃ©vel de ineficiÃªncia e onerosisade do Estado. OS conselhos populares federais Ã± poderÃ£o ser dissolvidos. FicarÃ¡ um grupo custando ao povo,em conselho consultivo,q Ã± serÃ¡ ouvido, mas farÃ¡ barulho. ParabÃ©ns aos envolvidos @STF_oficial #sqn",,,1
@jairbolsonaro Muito Ã©tico...#sqn ğŸ¤” esperando a @CFOAB agir!,- O advogado de AdÃ©lio Bispo diz que o mandante do atentado contra Jair Bolsonaro Ã© quem paga seus honorÃ¡rios. https://t.co/VChva4lkyd,,1
"@bras_alle Sensacionalâ£
Ã‰ muita rejeiÃ§Ã£o gente, nÃ©? #Sqn","VEM VER GENTE!  
A REJEIÃ‡ÃƒO QUE O PRESIDENTE E O MINISTRO MORO SOFRERAM NO MANE GARRINCHA AGORA Ã€ NOITE! 
ACHO QUE EU SOU A ÃšNICA PESSOA DO PAÃS QUE AINDA AMA OS DOIS!  
ğŸ˜‚ğŸ˜‚ğŸ˜‚ğŸ˜‚ğŸ˜‚â¤â¤â¤â¤ğŸ˜ğŸ˜ğŸ˜ğŸ˜ğŸ˜ğŸ˜ğŸ˜ MUITA MITAGEM https://t.co/0Xh6QNv7Zr",,1
"@quelllferreira @lucyleoS2 @kaymaste @OhanaKay Migaaaaa te conheÃ§o a tempos,..mas vc jÃ¡ tÃ¡ quase me fazendo acreditar nisso...ğŸ˜‚ğŸ˜‚ğŸ˜‚ğŸ˜‚..#sqn kkkk",@CarmemVenturino @lucyleoS2 @kaymaste @OhanaKay Tenho certeza absoluta ğŸ˜‚ğŸ˜‚ğŸ˜‚ğŸ˜‚,,1
Um primor de organizaÃ§Ã£o! #SQN :D https://t.co/j4obfYEiwi,,,1
"@CBF_Futebol  isto Ã© uma VERGONHA!!! ABSURDO! A tecnologia do var veio pra acabar com este tipo de coisa..#SQN 

#BBMP https://t.co/hQBdHXDEMX",,ğŸ‘ğŸ½ https://t.co/8RR9T58VSh,1
@ggreenwald NÃ£o pode faltar deboche #VazaJato  #HackerAqui #GloboCÃºmplice #infuxwetrust #sqn,"Toda a mÃ­dia brasileira e internacional (exceto uma): revelaÃ§Ãµes chocantes sobre o comportamento imprÃ³prio do ministro da JustiÃ§a Moro e da forÃ§a-tarefa Lava Jato: explicamos o que os documentos mostram.

Globo: HACKERS !!!!",,1
A populaÃ§Ã£o se revolta com o SÃ©rgio Mouro...kkkk #SQN https://t.co/V2TDTyuFrp,,,1
"@deltanmd, fizeste curso de estenotopista? Em um intervalo de 1 segundo, digitastes mais de 50 palavras, parabÃ©ns pela agilidade. #ironia #InFuxWeTrust #naoefakenews #sqn https://t.co/FTcjEzwvdt",,,1
"@siloahjesseni SerÃ¡ se foi carrasca? Eeeita.. sÃ³ digo uma coisa, o encordoamento 0.11 vai deixa suas mÃ£os macias de princesa a coisa mais linda #sqn kkkkkkk (brincadeirinha, melhor professora e pessoa)â˜ºï¸","@diiigr Meu medo de tu se vingar como professor sÃ³ pode ser minha mente dizendo que eu fui carrasca com vcs, socorro hahahaha",,1
"Jantar sincero, romÃ¢ntico e saudÃ¡vel. ..
#namorados
#jantarromantico 
#SQN https://t.co/sPtEv5Hvut",,,1
@JovemPanNews @paula2ag Igualzinha a recepÃ§Ã£o da Dilma #sqn kkkll,Jair Bolsonaro e Sergio Moro sÃ£o ovacionados por torcedores no estÃ¡dio ManÃ© Garrincha; assista https://t.co/cghKmq2qz2,,1
"Nossa olha como o Moro tÃ¡ apavorado por causa do ""Verdevaldo"" #sqn ğŸ¤£ğŸ¤£ğŸ¤£ğŸ¤£
#Dia30EuVou 
#EuToComOMoro https://t.co/J0iftBeSVg",,"TambÃ©m no ManÃ© Garrincha, Bolsonaro e Moro vestem camisas do Flamengo jogadas por torcedores; pÃºblico aplaude https://t.co/DEFqN7d0lO",1
"@deltanmd Parece atÃ© verdade #sqn.
Lula teve o julgamento mais rÃ¡pido da histÃ³ria, #MoroCriminoso  vazou conversas de presidente, ex presidente e familiares, entre outros  crimes. NÃ£o cola Dallagnol. PÃ¡ra que tÃ¡ feio.","Como coordenador da Lava Jato em Curitiba, venho prestar esclarecimentos Ã  sociedade sobre os recentes ataques Ã  forÃ§a-tarefa: https://t.co/UjGIK0dRxb",,1
@TheInterceptBr @SF_Moro @deltanmd @STF_oficial @LuizFux @reinaldoazevedo Parece verdadeiro meu jovem #SQN #MoroOrgulhoDoBrasil,"Em novos trechos do chat privado com o entÃ£o juiz @SF_Moro, @deltanmd Dallagnol menciona uma conversa com o ministro do @STF_Oficial, @luizfux. Moro responde: â€œIn Fux we trustâ€. O diÃ¡logo foi divulgado no programa de @ReinaldoAzevedo  https://t.co/0CFzQjMjgX #VazaJato https://t.co/q48cfQs1U2",,1
Ã‰ o amor...#SQN https://t.co/ih6SRbsm7L,,,1
"Feliz dia dos namorados #SQN 

Primeiro elas satisfazem o macho na rua, Depois voltam pra ser macho da esposinha.

Sempre irei dizer, puta serÃ¡ sempre puta!

Beijo na cucetinha minhas vadias!

@LUCAS__LUCASS https://t.co/QGgVWoQV6k",,,1
"#infuxwetrust #SQN!
#vazajato #LibertemLula
#MoroCriminoso

No aguardo de novas reportagens do The Intercept! O governo pira.",,,1
"Eu espero sinceramente que o @podcastcma nÃ£o tenha encerrado essa temporada. Pois, se tem alguÃ©m que merece um episÃ³dio todo especial, Ã© a Sara Sonaya. Que espetÃ¡culo essa mulher!
ğŸ¤£ğŸ¤£ğŸ¤£
#sqn #CdMA
 https://t.co/N4qqybblzo",,,1
"""De acordo com o Instituto de Pesquisas Bolsonaro (IPB), cidadÃ£o armado reduz a criminalidade no Brasil!"" Nunca deixo de me surpreender com essa brilhante famÃ­lia ğŸ‘ğŸ‘ğŸ‘ğŸ‘ #sqn https://t.co/2Vp99GDXbo",,"CidadÃ£o armado faz bandido ter medo de invadir nossas casas ou roubar nosso patrimÃ´nio na rua. Quanto mais difÃ­cil for a vida do vagabundo, menor serÃ¡ a criminalidade. https://t.co/zTDJTp9eep",1
"@aldeia_noticias Fui eu! PrÃ³ximo jogo sÃ³ entra os parÃ§a ğŸ˜‚ #sqn 
Deus me livre, mas quem me dera",Petraglia venceu. Sonho de dirigente se realiza e um Ãºnico torcedor compra todos planos de sÃ³cio do Athletico https://t.co/FyRMHv17Eb,,1
"Senador Jacques Wagner, do PT,  apresenta emenda para DIMINUIR de 12 para 5 anos a pena mÃ¡xima do crime de CORRUPÃ‡ÃƒO.
Parece brincadeira, #sqn
#EuToComOMoro",,,1
@carloscezarcjr Pra que? Ã‰ a OAB. SENHORA SUPREMA DA VERDADE E HUMILDE CONHECEDORA DA PORRA TODA. #SQN,"No mÃ­nimo estranho a OAB recomendar o afastamento de Moro Ã© Dellagnol sÃ³ pela reportagem que nÃ£o mostrou prints, nem provas.
 
Quem tem certeza que a reportagem diz a verdade? 

Quem tem certeza que nÃ£o forjaram conversas?

A OAB nÃ£o deveria se certificar disso antes?",,1
"Atacar um crÃ­tico renomado, Ã© a maneira mais inteligente de apoiar um fav. #SQN",,,1
@Lhassum Coisa de loko #sqn,Como Ã© que tÃ¡ sendo o Dia dos Namorados de vocÃªs???,,1
"@FlavioDino Governador, serÃ¡ que Ã© por cause de juizes como o sr.que o nosso  Brasil Ã© considerado o paÃ­s mais seguro do mundo para se viver? #SQN
Pelo seus dizeres, quando foi juiz federal, faltou-lhe mais atitude e vontade de fazer esse pais mais seguro para o cidadÃ£o brasileiro.","Fui juiz federal por 12 anos e nunca:
1) mandei no MinistÃ©rio Publico; 
2) determinei que procuradora fosse fazer â€œtreinamentoâ€;
3) opinei sobre aÃ§Ã£o penal antes de ser ajuizada;
4) orientei procurador sobre como produzir provas;
5) mandei descumprir decisÃ£o de desembargador.",,1
Moro e Dallagnol a histÃ³ria se encarregarÃ¡ de vomitar em suas lÃ¡pides. #VAZAJATO #InFuxWeTrust #sqn,,,1
Muito boa atuaÃ§Ã£o do Alto do Pina! Este ano o meu coraÃ§Ã£o estÃ¡ dividido entre a Bica e a Mouraria. #Sqn #MarchasPopulares https://t.co/0KO0plyrfX,,"As Marchas Populares jÃ¡ estÃ£o a descer a Avenida!
Noite de festa em #Lisboa
@festasdelisboa #stantonio #MarchasPopulares https://t.co/EqUuJxH3FX",1
"@McledisonF Ehhhh eu sou muito pra casar 
#SQN","@voltanobree Vc Ã© do tempo que mulher tem que ser tratada como uma dama ,do tipo que Ã© raro achar .",,1
Pra que lava jato? Chama o cara da TI que o problema do Brasil sÃ£o os hackers.#SQN #VazaJato,,,1
"Sou mulher, negra, professora e pobre, entÃ£o eu sÃ³ posso ser de esquerda.#SQN. Sou indivÃ­duo pensante. #Dia30EuVou https://t.co/jpwuPZAUSJ",,,1
"@hevertonfutebol Nofa  ! 
Estou chocado !!
Ã‰ muita grave fazer trocadilho com ministro do STF !
#SQN",Xiiiiiiiiiiiiiiiiiiiiiiiiiiiiiiiii https://t.co/emymKpsAhr,,1
"Nooosssaaaa!!!!! Jamais imaginei o Fux.... Jamais....
#SQN https://t.co/gzNIMerrDY",,"Mensagens revelam ligaÃ§Ã£o de Moro e Dallagnol com ministro Fux, do STF https://t.co/fNoMsCuLBl",1
"Eu tambÃ©m tenho um gato, e um cachorro eu me olha apaixonadamente. ğŸ¥°

.
To quase â€œigual que nemâ€ vocÃªs que tÃ£o aÃ­ tudo postando foto com os â€œmozÃ£oâ€ #sqn tÃ´ mais pra faixa escrito: â€œVasco campeÃ£oâ€, encalhadaâ€¦ https://t.co/S7k7jSApMi",,,1
@tharssopinheiro NÃ£o Ã©? Quanta gente comprometida. Chocado! #sqn,De onde surgiu tanto casal?? VocÃªs tavam namorando escondido?,,1
@MarcioBotharo Quem manda Ã© o Bolsonaro #sqn,@marceellows Kkkkk pq,,1
@sinistrodibres @sepmadu Deve ser bom estar ao lado dela #sqn,@eugiovanaaa @sepmadu Hahahaha mulher dorme de calÃ§a jeans atÃ© se ele nÃ£o quiser ir nos lugares que ela curte,,1
@benebarbosa_mvb Que beleza. #sqn #MinhaArmaMinhaVida,Bancada evangÃ©lica teria fechado questÃ£o CONTRA o decreto presidencial.,,1
"@HenriqueFontana @TheInterceptBr Nossa, que escÃ¢ndalo! Hahahahaha, #SQN.
SÃ³ babacas que nÃ£o conhecem como funciona a justiÃ§a acham um escÃ¢ndalo essas mensagens. 
Nada mais comum do que advogados e procuradores irem aos gabinetes despachar questÃµes de interesse de seus clientes. VocÃªs sÃ£o patÃ©ticos.","#ESCÃ‚NDALO Revelados novos trechos do diÃ¡logo entre Moro e Dallagnol.
@TheInterceptBr #RenunciaMoro #InFuxWeTrust #LavaJato #VazaJato https://t.co/Rfxf6bEpXw",,1
"Nossa, o Moro disse â€œIn Fux we trustâ€, Ã© muito grave isso! Lava-jato vai acabar depois dessa... #sqn #EuApoioALavaJato",,,1
@g1 Logo a @RedeGlobo estarÃ¡ na berlinda e pra se precaver estÃ¡ tentando desconstruir e deslegitimar as denÃºncias do @TheInterceptBr #sqn #VazaJato  chegaram pra por um basta nessa promiscuidade instalada,ForÃ§a-tarefa diz que diÃ¡logos inteiros podem ter sido forjados ==&gt; https://t.co/QO1X7pUPI2 #G1,,1
@jairbolsonaro Nossa... que caras mais romÃ¢nticas. #sqn,Feliz dia dos namorados! ğŸ‘ https://t.co/e1svTppojj,,1
"@iseeyasucker @ggreenwald Nossa, sÃ©rio? Se candidata a ministra da economia que teu presidente tÃ¡ perdidinho. Que talento desperdiÃ§ado rs #sqn","@renatasabrine @ggreenwald aÃ§Ãµes tem consequÃªncias nÃ£o somente imediatas, varias aberraÃ§Ãµes de preÃ§o de hoje sÃ£o culpa do pÃ©ssimo governo que ele fez, ou somente correÃ§Ãµes de mercado para com produtos que o prÃ³prio governo Lula destruiu a oferta como por exemplo energia, educaÃ§Ã£o e petrÃ³leo",,1
@o_antagonista Agora sim foi incriminador! #sqn,,,1
@carlittos74 DM eficiente este do GrÃªmio hein! #sqnğŸ˜ğŸ˜ğŸ˜,Como GrÃªmio vai engatar uma recuperaÃ§Ã£o com mais de meio time do DM com problemas fÃ­sicos?,,1
@tecomedina Agora vai... #Sqn,PSDB fecha questÃ£o sobre a Reforma da PrevidÃªncia !!,,1
Saudades dos meus alunos #sqn,,,1
Mensagem da minha mÃ£ezinha mariamarianodelgado me lembrando qto meu pai era romÃ¢ntico #SQN kkkk Te amo mÃ£e https://t.co/XsUFNqPs0w,,,1
"Af, jurava que o @JorgeNu58478442 era uma fonte confiÃ¡vel de informaÃ§Ãµes. #sqn #eFootballPES2020 https://t.co/8QAG6VazkH",,"@GalvaniRenan UÃ©, mas nosso amigo Jorge disse que a EA proibiu a Konami de colocar as segundas divisÃµes no PES. ğŸ¤£ğŸ¤£ğŸ¤£ğŸ¤£ğŸ¤£ğŸ¤£ğŸ¤£ğŸ¤£ğŸ¤£ğŸ¤£ğŸ¤£ğŸ¤£ğŸ¤£ğŸ¤£ğŸ¤£ğŸ¤£ğŸ¤£ğŸ¤£ğŸ¤£ğŸ¤£ğŸ¤£ğŸ¤£ğŸ¤£ğŸ¤£ğŸ¤£ğŸ¤£ğŸ¤£ğŸ¤£",1
"@UPenalista Sabe que esse â€œoutrossim â€œ me chamou a atenÃ§Ã£o? Vc jÃ¡ viu alguÃ©m de TI (como ele/ela informa ser) usar essa expressÃ£o??? #SQN
Vamos aguardar. NÃ£o me causarÃ¡ nenhuma surpresa...","E o hacker finalizou com :

Nestes Termos,
Pede deferimento por ser medida da mais lÃ­dima JUSTIÃ‡A!!!!!! https://t.co/R6FUwCAfoI",,1
@deltanmd Pronto tÃ¡ explicado! #Sqn,"Hacker segue invadindo perfis, criando falsas conversas (fraudando mensagens) e tentando criar armadilhas para atacar a Lava Jato. https://t.co/OMZaU4iXF9",,1
@cauemoura JOGO DE CINTURA #SQN,HAJAJEJAJEJAHDHS TÃ EM CHOQ https://t.co/4u1gJqYNIC,,1
"Internet com velocidade de ""discada"". Nada como matar a saudade do inÃ­cio dos anos 2000. #sqn",,,1
"@blogdopannunzio @ggreenwald Esse daÃ­ nÃ£o sabe ser  demente sozinho, quer que o Brasil todo seja demente junto.  #sqn","Quem disse que foi um hacker quem obteve as mensagens? Ao que me consta, o @ggreenwald jamais mencionou que o material veio de um hacker.",,1
"@pauladeboni_ @joicereis_ @augustobeckman @Desesquerdizada @ggreenwald @policiafederal Sim... esse The Intercept jogou para o mundo que o Bolsonaro mandou matar a Marielle e Ã© miliciano...

Honestidade 100%
#SQN","@joicereis_ @joanabuas @augustobeckman @Desesquerdizada @ggreenwald @policiafederal Essa caneta aÃ­ divulgou que o Haddad comemorou o 11 de setembro. NÃ£o adianta, eles sÃ£o desonestos e acreditam no que querem ..

SÃ³ sabem jogar baixo",,1
"@stanleyburburin @WaldenirXavier Tadinho gente, vcs nÃ£o entenderam que foi o rack que entrou no celular dele e apagou? #SQN ğŸ˜€ğŸ˜€ğŸ˜€ğŸ˜€ğŸ˜€","Huck apagou retratos dele com:

1) AÃ©cio;
2) Alexandre Accioly;
3) Joesley Batista, dono da Friboi;
4) Eduardo Cunha;
5) Moro.

SÃ£o esses que me lembro. https://t.co/awIoP8Dklw",,1
@CanalBolaFora @ViniCRF30 TÃ¡ voando nos bambis nÃ©? #Sqn,"@ViniCRF30 Hernanes tambÃ©m nÃ£o jogava. AÃ­ se tivesse a oportunidade de trazer o Hernanes nÃ£o iria querer? ""Ain, Hernanes ta na China, nem joga direito lÃ¡ """,,1
"""FuncionÃ¡rios de TI"" nÃ£o tem ideologia entÃ£o? NÃ£o tenho ideologia, entÃ£o! #SQN https://t.co/eDaPhT6o9J",,,1
@SF_Moro ParabÃ©ns.... #sqn https://t.co/3foRqHHvHQ,Agora a matÃ©ria completa. https://t.co/NFwAHBrOQK,,1
Adoro quem finge preocupaÃ§Ã£o... #Sqn,,,1
"Olha filhotes de ONU aÃ­!
Essa instituiÃ§Ã£o tÃ£o pura, tÃ£o justa!
#SQN https://t.co/4sHj2B6LQP",,Ex-chefe da ONU Ã© condenado por pedofilia no Nepal https://t.co/YwP4Rz6Dw8,1
tantos tt dizendo q tenho cara de mÃ©dica q da atÃ© vontade de tentar medicina #sqn kkkkkk,,,1
"@LucasRanngel Uhuuu, o amor Ã© lindo!!! #sqn https://t.co/FAYXsuUA2z",eu tentando desviar das fotos de casais no feed ğŸ˜‚ğŸ˜‚ marca os amigo solteiro que tÃ£o na mesma https://t.co/wQwFLzEoyz,,1
Brincadeira de CrianÃ§a #sqn https://t.co/H1Y2rrqYgi,,,1
"Comemorando o Dia dos Namorados fazendo o que a gente mais odeia. #SQN
#XMenFÃªnixNegra https://t.co/qWqRf9ob9S",,,1
"@Metropoles Caray fera.... precisava nem ser namorada. Uma fofa ela, nÃ© non? #sqn #maisvoce #leviana","O Mais VocÃª desta quarta-feira (12/06/2019) surpreendeu os telespectadores. Para celebrar o Dia dos Namorados, Ana Maria Braga promoveu um jantar romÃ¢ntico para um casal desconhecido. O que era para ser sÃ³ sucesso, foi um ENORME fracasso. Assista! https://t.co/Q4jt8n9fXm",,1
"@senadorhumberto Ele me disse que iria deixar e colocar uma pessoa ""honesta"" no lugar.... @LulaOficial #sqn ğŸ˜‚ğŸ˜‚ğŸ˜‚ğŸ˜‚ğŸ˜‚ğŸ˜‚","Moro, saia daÃ­ e deixe o MinistÃ©rio da JustiÃ§a para quem realmente esteja comprometido com essa pauta, que nÃ£o faÃ§a dessa pasta um trampolim para satisfaÃ§Ã£o de ambiÃ§Ãµes pessoais futuras.",,1
"A parte mais chata do dia a dia Ã© chegar em casa e limpar casa, isso definitivamente nÃ£o Ã© p mim, que saudade de morar com a minha mÃ£e #sqn kkkkk",,,1
"AtÃ© os furries no palÃ¡cio do Planalto!? Curti, vou ser polÃ­tico furryğŸ’™ğŸº.#sqn https://t.co/N3VkYEoYqe",,,1
"SÃ³ agora eu reparei que as introduÃ§Ãµes de ""Day Tripper"", dos Beatles, e ""Dentro do Carro"", do Kevin o Chris, sÃ£o praticamente iguais. Seria massa ver o Paul McCartney cantando essa mÃºsica #sqn",,,1
"""NÃ£o queremos transformar o paÃ­s em um bangue-bangue"". Disseram os parlamentares com direito a seguranÃ§a, apartamentos funcionais vigiados, protegidos pela polÃ­cia legislativa, casas com vigias...
Assim nem eu quero armas nas ruas.. #sqn
#MinhaArmaMinhaVida 
#EuToComOMoro",,,1
"Pra vocÃª. Agarrado naquela aÃ§Ã£o que sÃ³ cai e vocÃª nÃ£o se desfaz dela de jeito algum pondo em prÃ¡tica praticamente todos os vieses cognitivos e emocionais.

Quem nunca? 
SÃ³ no amor para manter tais aÃ§Ãµes. Feliz dia. #sqn",,,1
@bicmuller TrÃ¢nsito e armas Ã© uma combinaÃ§Ã£o muito boa. ParabÃ©ns aos envolvidos. #sqn,FREUD CORRE AQUI https://t.co/RwdYqUC9vC,,1
@jornalnacional SÃ©rio que chegaram a essa conclusÃ£o? Meu Deus! Eu nem percebi isso #SQN https://t.co/ySCb6D7ryQ,PolÃ­cia Federal suspeita que a invasÃ£o de celulares de SÃ©rgio Moro e de procuradores da Lava Jato foi uma aÃ§Ã£o orquestrada: https://t.co/Rsxu3f0xA0 #JN,,1
"Eduardo Cunha: preso
SÃ©rgio Cabral: preso
Geddel Vieira Lima: preso
Henrique Eduardo Alves: preso
Luiz ArgÃ´lo: preso
Gim Argello: preso
AntÃ´nio Palocci: preso
Lula: preso

Tudo preso de mentirinha, claro, pq a Lava Jato Ã© fake. #sqn #EuApoioaLavaJato",,,1
"@powercouple Que peninha #Sqn
Trapaceou msm... o resultado foi terminar as provas zerada... fala mal msm.. agora aguenta a verdade!",Mariana chora apÃ³s desentendimentos com colegas - RecordTV #PowerCoupleBrasil https://t.co/zhX8hgDRS8,,1
"Um dia bem produtivo ğŸ™ƒ
#SQN",,,1
"@senadorhumberto O PT Ã© um exemolo de honestidade e carÃ¡ter. #SQN
#QuemMandouMatarBolsonaro 
#CPIdoHacker 
#MinhaArmaMinhaVida 
#lulanacadeia","Diante dos graves desvios de conduta e escandalosas infraÃ§Ãµes, Moro Ã© um ministro refÃ©m dos prÃ³prios atos. https://t.co/uM3ab13VzM",,1
"AÃ­ eu chego em casa e encontro isso. 
Vou dizer o quÃª, alÃ©m de...
AMEI!!! â¤
Logo eu, que nem gosto muito de chocolates.  
#sqn. ğŸ˜œ
TopadÃ­ssimo o jantar mais tarde, baby! 
Adorei a surpresa!!!
ğŸ˜˜ğŸ˜˜ğŸ˜˜ğŸ˜˜ğŸ˜˜ https://t.co/SGCviudIvv",,,1
@BlogdoNoblat NinguÃ©m solta a mÃ£o de ninguÃ©m... #sqn,"Ibaneis, governador do Disatrito Federal, critica conversas de Moro e Dallagnol: â€œTramando condenaÃ§Ãµesâ€
Segundo o governador, diÃ¡logos entre o ministro e o procurador abalam a OperaÃ§Ã£o Lava Jato e a credibilidade do JudiciÃ¡rio https://t.co/LJJcyRZ7pJ https://t.co/tJZwaPrmZR",,1
@JornalOGlobo @BelaMegale Acredito kkkkkkkkkkkkkk #sqn,".@BelaMegale: Hacker invade grupo do Conselho do MinistÃ©rio PÃºblico, veja a mensagem. https://t.co/yoWzvyGENV",,1
"@GalvaniRenan Mal posso esperar pro meu adversÃ¡rio fazer essa comemoraÃ§Ã£o quando eu tomar gol aos 90' kkkkk #sqn 
Zuera a parte, mo da hora essa daÃ­ kkkkk",Nova comemoraÃ§Ã£o hahahahaha #PES2020 https://t.co/HKWArmpcba,,1
@DaniloGentili @istoe_brasil @mariadorosario O amor Ã© lindo!! #sqnğŸ˜‚ğŸ˜‚ğŸ˜‚ğŸ˜‚ğŸ˜‚,Nada poderÃ¡ separar nosso amor. Nem mesmo as grades de uma prisÃ£o. Feliz dia dos Namorados @mariadorosario,,1
@jeanwyllys_real Ã‰ um gÃªnio incompreendido.. #sqn,Seu nÃ­vel de canalhice ainda me surpreende... Direitos humanos foram violados na ditadura militar da qual vocÃª fez parte; direitos constitucionais foram violados no golpe contra Dilma do qual vocÃª foi entusiasta; e ataque ao judiciÃ¡rio faz juiz que age como mafioso. Canalha! https://t.co/BHT3Ry0a2n,,1
@mmmontanini A inteligÃªncia encarnada #sqn,"O deputado Daniel Silveira (PSL) apresentou requerimento de convite ao jornalista Glenn Greenwald, do The Intercept, Ã  ComissÃ£o de SeguranÃ§a PÃºblica da CÃ¢mara. A oposiÃ§Ã£o aceitou no ato. Surpresos, Silveira e outros governistas tentaram retirar o requerimento de pauta.",,1
@RitaLisauskas InteligÃªncia #sqn,Hahahahahahahahaha https://t.co/x0HDDXkdLT,,1
@SF_Moro Nossa marreco de MaringÃ¡ sÃ³ gente boa...kkkkkk #sqn,"AlÃ©m de juÃ­zes e procuradores, jornalistas tambÃ©m tiveram celulares hackeados pelo mesmo grupo criminoso.

https://t.co/9pkwypqPtk",,1
"@MMarcelloMuricy @Ilse_SEP @eligarcia01 Como todo bom Palmeirense ela sabia o q estava fazendo neste dia!
#sqn",@sergiobeneduce @Ilse_SEP @eligarcia01 Kkkkkkkkkkkk,,1
"#Repost @pimentapsl(Instagram) 
ãƒ»ãƒ»ãƒ»
GraÃ§as ao #hacker e os #esquerditas estamos salvos #sqn https://t.co/kq0EuQ5Ipo",,,1
"TÃ¡ dando dÃ³, gente! #SQN https://t.co/ozIKilOm53",,,1
"@conexaopolitica Juiz sÃ³ pode ter conversas e encontros com rÃ©us, suspeitos e por vezes condenados. #sqn","â€œJuiz nÃ£o pode ser chefe de forÃ§a-tarefaâ€, diz Gilmar Mendes em indireta a Sergio Moro https://t.co/AMqnonPEdU",,1
"Ao @majorolimpio com carinho
#SQN https://t.co/cviWOCOsfx",,Por 15 votos a 9 a CCJ do Senado derrotou parecer favorÃ¡vel ao Decreto de Armas do Bolsonaro. VitÃ³ria parcial relevante.  Por +seguranÃ§a PÃšBLICA  e -faroeste! Por +universidades e menos truculÃªncia e impunidade. Que o parlamento derrote tb o nefasto PL que desobriga cadeirinhas!,1
"GolaÃ§o, Verdevaldo. #SQN #Fail https://t.co/5HIOxna1JW",,,1
"@AnaPaulaVolei Nossa, agora sim a Globo provou que Ã© sÃ©ria, hein!!!!
#SQN","""Greenwald ouviu tambÃ©m, com insistÃªncia, por trÃªs vezes, que a Globo sÃ³ poderia aceitar a parceria se soubesse antes o conteÃºdo da tal â€˜bombaâ€™ e sua origem, procedimento Ã³bvio. Greenwald se despediu depois de ouvir essa ponderaÃ§Ã£o."" https://t.co/bsFjLGtHVa",,1
"#HipocritasSemEscolta 
Se eu nÃ£o posso, vocÃª tambÃ©m nÃ£o! ğŸ¤®ğŸ¤®ğŸ¤®ğŸ¤¬ğŸ¤¬ğŸ¤¬
ğŸ’ ğŸ“š sqn",,"Me solidarizo aos senadores e senadoras que foram vÃ­timas de agressÃµes e ameaÃ§as por se manifestarem com suas opniÃµes, palavras e votos. Como presidente do @SenadoFederal farei sempre a defesa desse Poder, independente das posiÃ§Ãµes polÃ­ticas de cada um. Isso Ã© democracia. https://t.co/vWAv9CB2FA",1
"@Alexbrum13 @podcastloschico Sim, todas essas que voce citou custaram BILHOES aos cofres publicos em corrupÃ§Ã£o. DEZENAS de bilhoes. SQN. Era melhor botar PT de volta, que ele iria coligar de novo com o pmdb pela ""governabilidade"" e continuar roubando. SQNÂ²","@radaga @podcastloschico Familicia 
Queiroz
Rachadinha
30 anos sem.projetos
Damares goiabeira 
117 fuzis
80 tiros em pai de famÃ­lia 
Vaza jato 
Tem razÃ£o... Ã© tanta coisa",,1
@jeanwyllys_real Nooossa ! Muita gente nÃ© ? Estou impressionada. SQN ! ğŸ¤·â€â™€ï¸,"Depois de Nova York, Santiago e Buenos, Paris.

https://t.co/2o6E25EAvV",,1
Ã” ParaÃ­ba boa... SQN.,,"Com o apoio de nossos leitores, mostramos como funciona a polÃ­tica nos rincÃµes do Brasil. Doda de TiÃ£o e sua famÃ­lia controlam o poder econÃ´mico e polÃ­tico local em Queimadas, no interior da ParaÃ­ba. ConheÃ§a essa histÃ³ria: https://t.co/SohuXPZZ6K",1
"Etaaaaaa sabadÃ£oâ˜€ï¸â˜€ï¸
E que dia lindo, nÃ©?
Bora passear?Eu?SQNğŸ¤£ğŸ¤£ğŸ¤£ğŸ¤£ğŸ¤£ğŸ¤£Feliz da vida sÃ³ de pensar na faxina que me espera lÃ¡ em casa.ğŸ™ˆğŸ¤ªğŸ§¹
.
.
.
.
.
#vidademaria #donadecasa #prasempremaria #negras #finaldesemana #faxinando https://t.co/zTyuDCHf5u",,,1
"@reinaldoazevedo @UOLNoticias @UOL E o PinÃ³quio Mentirosao do dia Ã© eeeeeeeee, um cara q um dia achei ser um jornalista sÃ©rio......SQN Ã© nÃ© ğŸ˜‰",Mentira feia a senadores: Tessler deixa caso Lula 2 dias apÃ³s Moro reclamar https://t.co/Q2C6pqXNIE via @UOLNoticias @UOL,,1
"Vi um pretinho, seu caderno era um fuzil! #SQN âœŠğŸ½ğŸ–¤
Favela tÃ¡ como deve sempre estar! âœŒğŸ½â¤

ğŸ¥ @eufbento / @CPapo_Reto ğŸ“¢ğŸ’¬ https://t.co/6FK15iIMsm",,,1
"@goulart_lenita @SuzyVitoria1 â€œCharles Rodney Chandler, capitÃ£o do ExÃ©rcito americano, veterano da Guerra do VietnÃ£, assassinado em SÃ£o Paulo em outubro de 1968. Foi emboscado quando saÃ­a de sua casa, no bairro do SumarÃ©, e morto a tiros por grupos de esquerdaâ€ !!! Anistia??? Sqn","@SuzyVitoria1 Tem que ser presa, nÃ£o indenizada!",,1
@ALuizCosta TÃ£o educado o senhor faz juz ao cargo SQN,"""O ministro da EducaÃ§Ã£o foi abordado pela comissÃ¡ria antes da aeronave  decolar. Ela perguntou se Weintraub poderia atender ao pedido de um pai  de famÃ­lia que sentava fileiras Ã  frente e queria trocar de lugar para ficar com a mulher e os dois filhos"" https://t.co/eNGJRVHpiH",,1
"@FelipeCor12 #SQN mundial de faz de conta, ou vai bater no peito que tem mais Libertadores que a gente? Brasileiro? Copa do Brasil? kkkk que bolha vcs vivem.","Primeiro que os pequenos tem mais tÃ­tulos que o ""MeNgAum"".
Segundo que aqui ninguÃ©m tÃ¡ se unindo.
NinguÃ©m aqui em SP considera vocÃªs rivais.
Se contentem com Vasco, Botafogo e Fluminense https://t.co/Uwe8w7t6r3",,1
@RevistaEpoca Super normal ğŸ™„!! Juiz combinar aÃ§Ãµes com partes do processo... ğŸ¤”. Sqn.,"Para a advogada constitucionalista Vera Chemim, comunicaÃ§Ã£o entre juÃ­zes, promotores e advogados Ã© comum em diversos paÃ­ses e faz parte do trabalho cotidiano dos magistrados

Por Cleide Carvalho

https://t.co/8reGeXiq3Y",,1
@gisapatriaamada @BelinhaPoodleBR @camaradeputados @SenadoFederal @JulyB_Lucille @MarleneFFL @marcos_AntCost @LisBebete @MosciGressy @ViviPoggio @marciafisio17 @AneMeneghine @QuelLabarca @RoseDBarros @Damadeferroofic @Gusttra @WanderleiFeliz1 O desarmamento funciona sim nÃ©? Sqn. @SenadorKajuru @davialcolumbre @RodrigoMaia @BolsonaroSP @jairbolsonaro @CarlosBolsonaro @allantercalivre @majorolimpio @lpbragancabr @joicehasselmann @Sen_Alessandro @SenadoraSelma @SenadoFederal @_luizdocarmo @senadorarose,"#HipocritasSemEscolta que tal sentirem na pele 
@camaradeputados @SenadoFederal 
@JulyB_Lucille @BelinhaPoodleBR @MarleneFFL @marcos_AntCost @LisBebete @MosciGressy @ViviPoggio @marciafisio17 @AneMeneghine @QuelLabarca @RoseDBarros @Damadeferroofic @Gusttra @WanderleiFeliz1 https://t.co/sVcvE0kGl2",,1
"#HipocritasSemEscolta ğŸ¤®ğŸ¤¬
Se eu nÃ£o posso, vocÃª tambÃ©m nÃ£o!
ğŸ’ ğŸ“š sqn",,"ğŸ’™ Que tal ajudar os amigos de DIREITA a aumentarem o nÂ° de seguidores?ğŸ’š
 
1. Vc me segue nos meus 2 perfis, e eu te sigo de volta
@ElianeOrnellas1
@ElianeOrnellas

2. Deixe seu @ nos comentÃ¡rios.

3. SDV todos que te seguirem.

ğŸ”ƒRT ğŸ”ƒ. 
Para espalhar e interagir com todos ğŸ‡§ğŸ‡·",1
bicho essa histÃ³ria de breja mais barata que Ã¡gua vai foder a minha vida #sqn,,,1
"MarÃ­lia MendonÃ§a grÃ¡vida ğŸ˜±
Nossa mudou minha vida, sqn ğŸ˜’",,,1
"@edilandiamaria @senadorhumberto @SF_Moro Ele quer chamar atenÃ§Ã£o, tadinho. Somos tÃ£o educados e atenciosos que ainda respondemos para ele kkk. Aiiii que dÃ³ ğŸ˜¬ğŸ˜¤ sqn #moronossoheroi",@senadorhumberto @SF_Moro SerÃ¡ que ele mesmo acredita no que ele posta? Acho que nÃ£o. Deve ser um meio de chamar atenÃ§Ã£o!,,1
@opropriolavo Falou o pica das galÃ¡xias... #sqn,Uma direita que acredita mais na grande mÃ­dia do que em mim estÃ¡ condenada ao fracasso e a uma morte degradante.,,1
"#LulaLivreSabadoSDV SQN..#MoroMaosLimpas  #Moro1milhao sÃ³ observando os idiotas da esquerda pedindo Lula livre..o cara. Ligado as FARC no Foro de SP..amigo de Fidel que cabou com CUBA, CHE GUEVARA assassino...e acabou com nosso paÃ­s.. https://t.co/EQDNZADYIe",,,1
"@Chefcarolinavi1 Quem vÃª pode pensar que o @RodrigoMaia , mais conhecido como ""nhonho"" ou ""botafogo""  teria capacidade intelectual de elaborar algum conceito deste tipo! SQN","Mas estÃ£o gastando o nosso dinheiro para virar pop star?
Pra que fazer vÃ­deo editado, cheio de efeitos?
NinguÃ©m acredita em uma palavra!
Para de ser ridÃ­culo balofinho de segundo grau! https://t.co/VZEeI4UU7g",,1
